PlayerName,Week,Distance,RunningDistance/Min,HSR,MaxSpeed,SprintMetres,AccelMetres,AccelLoadTotal,AccelLoadDensity,AccelLoadDensityIndex,RHIEfforts/Bout,EWMA_Distance,EWMA_RunningDistance/Min,EWMA_HSR,EWMA_MaxSpeed,EWMA_SprintMetres,EWMA_AccelMetres,EWMA_AccelLoadTotal,EWMA_AccelLoadDensity,EWMA_AccelLoadDensityIndex,EWMA_RHIEfforts/Bout,InjuredNextWeek
Athlete AC,102,5358.89355,70.8071,253.74,7.52544,0,156.12,1615.37223,0.35573,3.01438,4.33333,4571.026966,79.095198,231.616002,7.276234,1.066,154.732,1408.118586,0.401416,3.040732,4.183332,0
Athlete AM,102,6663.16992,61.60095,333.94,7.99678,0,220.23,1820.21637,0.28046,2.73176,5,3855.617236,67.216094,268.984002,7.758708,1.06,135.058,1089.65442,0.319308,2.854202,4.162746,1
Athlete BA,102,3990.60522,57.41107,36.22,6.20713,0,75.11,1155.48683,0.26731,2.89552,3.33333,3560.42578,70.858778,59.576,6.64341,0,65.99,1015.708578,0.3345,2.85552,2.546666,0
Athlete BD,102,6278.21777,69.11279,391.50001,8.33509,0,219.06,1986.85869,0.36453,3.16469,4.73333,4814.76027,82.641634,366.262002,7.78471,7.05,169.146,1475.591342,0.416086,3.031812,4.653508,0
Athlete BE,102,4978.67334,57.48393,10.7,5.8258,0,127.95,1555.69908,0.29206,3.12473,3.16667,3963.598028,71.330262,93.564,6.750372,0,119.174,1258.061162,0.375926,3.172274,3.858608,0
Athlete BU,102,6901.95117,63.80849,360.38999,8.16274,0,342.64,2303.22949,0.35489,3.33707,4.94118,4621.031018,75.42979,302.921998,7.893838,0,206.88,1514.401378,0.408406,3.260118,4.499346,0
Athlete BV,102,2632.5979,53.62143,10.68,5.80633,0,40.77,742.25829,0.25198,2.81949,3.66667,3064.310814,62.585292,22.896,6.316424,0,58.946,947.538084,0.318194,3.10172,3.233334,0
Athlete E,102,4192.3042,53.09615,82.98,6.65205,0,88.09,1231.10274,0.25987,2.93658,4,4088.289316,69.168112,154.48,7.360024,0,98.108,1236.889742,0.346916,3.012238,3.961538,0
Athlete H,102,6063.43726,56.05643,167.76,8.34229,0,215.56,1888.94746,0.29106,3.11531,4.75,4237.816188,70.329248,162.494,7.821592,0.598,139.536,1348.616542,0.37331,3.183342,4.217948,0
Athlete I,102,6498.88403,70.22961,324.51,6.94038,0,268.42001,1911.09658,0.3442,2.94065,4.8125,4218.659502,78.361342,282.163998,7.728364,5.892,173.202002,1289.08295,0.40014,3.064134,4.425,0
Athlete Y,102,6917.40015,65.17815,290.01,7.94506,0,208.6,1957.8753,0.30168,2.83036,4.6,4436.489876,70.936992,265.780002,7.779454,7.016,127.402,1288.23578,0.341702,2.899778,3.449524,0
Athlete AC,103,4185.471008,76.6863025,126.3725025,7.407205,0,165.9700025,1290.85136,0.388915,3.062865,3.375,4472.549242,78.22436596,173.4184281,7.488715617,0.427716049,169.6598779,1383.390717,0.398828704,3.069590926,3.979423333,0
Athlete AM,103,4843.36472,77.5973,293.26,7.6866,0,119.93,1239.45623,0.33096,2.55908,3.75,4184.866397,70.676496,277.0760013,7.734672,0.706666667,130.0153333,1139.588357,0.323192,2.755828,4.025164,0
Athlete AO,103,4532.745097,83.35282,345.6633367,8.575323333,11.40666667,246.4233367,1464.384163,0.44735,3.21728,4.466666667,4367.960342,80.19134644,395.2234074,8.772328889,14.51266667,236.9414826,1422.146964,0.434470667,3.254474741,4.538318074,0
Athlete AW,103,3803.169143,69.72758333,116.0066667,7.560286667,0,178.42,1303.803743,0.39529,3.41037,3.944443333,3172.898096,64.26714,172.7091111,7.89047837,10.1642963,140.4213333,1050.225041,0.350644074,3.292434963,4.853333333,0
Athlete AZ,103,4375.78882,86.33585,171.79,7.43139,0,203.42,1384.37413,0.45524,3.16371,4.16667,4605.289392,74.928612,393.912002,8.631504,18.578,253.83,1481.45539,0.40232,3.232434,4.639924,0
Athlete BA,103,3433.6511,62.4358075,39.71,6.0267825,0,81.8625,1004.982558,0.3038675,2.90641,2.5833325,3668.330042,67.00603769,48.82493827,6.304572315,0,80.02780864,1066.707089,0.323109414,2.895416667,2.810904414,0
Athlete BD,103,4520.414818,74.318695,197.8750025,7.4049825,0,164.4474975,1367.705455,0.3707725,3.015295,5.235715,4720.247572,78.13709735,272.045496,7.589470463,2.828703704,165.8892887,1433.805809,0.391123673,3.019620185,5.037320802,0
Athlete BE,103,3341.052468,65.6500425,36.1275,6.4740025,0,110.8925,1100.257485,0.3575025,3.2776575,3.1168825,3749.234617,69.15710627,62.4237963,6.62343108,0,121.4734877,1216.75176,0.371470586,3.233787253,3.649056451,0
Athlete BI,103,3660.991795,73.061445,101.46,6.864515,0,125.03,1159.73675,0.385705,3.16882,1.5,3675.411335,75.33228667,103.8683333,7.059621667,0,114.745,1165.357383,0.39985,3.189358333,2.444445,0
Athlete BJ,103,3209.817865,71.91541,175.165,7.266545,0,118.63,1023.74835,0.381875,3.184955,6.214285,3031.299987,73.03666667,179.8983333,7.315173333,4.621666667,114.8816667,981.8073817,0.394776667,3.252403333,5.44365,0
Athlete BT,103,3453.079925,66.20082,179.695,8.038355,0,165.645,1072.04748,0.340815,3.22302,4.3,3642.297118,71.21056167,246.4150017,7.981655,0,183.1666667,1129.094113,0.366321667,3.128296667,4.527778333,0
Athlete BU,103,4661.550705,73.955745,234.0475,7.6203175,0,230.84,1537.045575,0.4074825,3.31635,3.093435,4732.466409,75.44008228,268.1729313,7.850008426,0,227.0210494,1555.243699,0.411949105,3.286078457,3.912195802,0
Athlete BV,103,3456.1923,61.7606,20.49666667,6.31469,0,74.25666667,1091.95431,0.326173333,3.137633333,2.444443333,3334.26299,62.29708267,18.38590123,6.195123975,0,66.47898765,1037.369474,0.321070519,3.100365926,2.578600519,0
Athlete BW,103,4055.325295,74.2748975,113.7975,7.30286,0,120.49,1242.581615,0.379665,3.0760925,3.9666675,3943.961705,74.14984398,111.5146296,7.224875741,0,106.8997222,1192.712067,0.373173056,3.02845963,4.01728463,0
Athlete BY,103,4277.94551,78.42111,268.0975,7.6826375,0,198.975,1348.027255,0.41033,3.1349075,3.863095,3892.554153,76.33415815,280.5847222,7.449276667,0.545277778,177.4778704,1218.824404,0.396032222,3.099248889,4.128196759,0
Athlete CA,103,2484.541077,64.84221667,124.18,7.42627,0,131.8833333,823.8879733,0.357643333,3.301766667,3.472223333,3107.595334,71.04552059,149.1096296,7.586215333,0,133.3921481,1005.365842,0.382134667,3.229363556,3.991728296,0
Athlete CK,103,227.98581,6.1314,0,2.98418,0,0,44.03382,0.01974,1.93143,0,3645.506022,60.524354,263.442008,6.933182,0,136.32,1033.199576,0.286628,2.7029,3.455064,0
Athlete CQ,103,3970.0062,80.06735,315.67999,8.73912,0,162.83,967.2998,0.32514,2.43652,4.25,5122.203788,80.896838,291.979998,8.30417,0.496,180.684,1336.829198,0.350292,2.604888,4.579564,0
Athlete CR,103,4761.61838,68.556115,311.370005,8.206105,0,200.625,1356.38068,0.323975,2.86094,4.483335,4951.675675,73.63136833,321.015,8.50418,3.555,216.5533333,1452.11056,0.361135,2.953723333,4.208731667,0
Athlete D,103,4201.992773,57.73645,104.3966667,7.11694,0,136.9,1240.128207,0.28075,2.92876,2.583333333,4212.424312,61.00487378,154.7493333,7.574768,0,139.3339259,1284.74155,0.307055111,3.022037185,3.78280363,0
Athlete E,103,3507.72058,68.7627575,99.6825,7.20406,0,105.3575,1069.361138,0.3504975,3.06128,3.125,3895.63414,70.03002892,132.2535494,7.409510432,0,108.9313272,1182.496018,0.35384713,3.032711481,3.733024506,0
Athlete H,103,3961.185135,68.464605,131.8225,7.7993325,0,143.23,1252.008013,0.3592825,3.158025,4.7115375,4262.563875,69.91933716,150.8431173,7.853211389,0.239938272,148.8854321,1352.828935,0.369012623,3.171932469,4.798036389,0
Athlete I,103,3598.82583,71.3094475,138.5550025,7.246985,0,137.675,1081.202295,0.35486,2.991775,3.38889,3988.968806,74.82901713,207.6868528,7.509881975,2.364074074,158.8279638,1211.552733,0.377940432,3.033951543,3.845422593,0
Athlete J,103,4435.281418,69.05863,86.655,7.0224575,0,117.9675,1377.934093,0.359405,3.1116075,3.51515,4580.698896,71.60819769,103.3036111,7.032789722,0,118.7484259,1403.657221,0.366731852,3.068737778,3.8693425,0
Athlete Y,103,4611.339233,72.247865,191.6925,7.515985,0,130.815,1323.42261,0.346795,2.8802475,3.3125,4637.837185,72.36917173,221.1704638,7.624705741,2.815061728,130.5884568,1335.966459,0.347067407,2.880844537,3.326197901,0
Athlete AC,104,5330.21811,81.6803825,270.5625,7.46504,0,243.2324975,1634.149265,0.419205,3.077105,4.2104175,4952.644134,78.36133201,236.7570049,7.428129196,0.084487121,212.8235241,1514.198195,0.397456164,3.047072652,3.787216615,0
Athlete AM,104,1745.14319,77.89109,476.97999,6.64026,0,209.77,517.76371,0.37331,2.981235,17.375,3113.232987,75.28404111,399.5888841,7.332116667,0.392592593,167.1485185,862.751267,0.348253333,2.831637222,11.47231333,0
Athlete AO,104,3878.363655,80.5279475,263.2600025,8.3999625,1.7675,217.8825,1263.720778,0.4262825,3.18681,4.125,4138.043981,80.00216069,308.3170864,8.600194126,6.366759259,223.727227,1343.328069,0.426219043,3.205963752,4.331320727,0
Athlete AW,104,3552.910158,74.177782,114.26,6.991156,0,164.006,1149.792462,0.400862,3.250558,4.771428,3568.891689,71.82686063,128.5870244,7.321438521,2.229672794,160.1617926,1156.288674,0.387336083,3.248253306,4.64266158,0
Athlete AZ,104,5124.1122,78.3634175,391.990005,8.3351525,4.34,287.9925025,1612.72646,0.41207,3.13887,4.55386,4976.611672,76.6470988,404.4097567,8.513830957,10.50820988,278.9960823,1583.05941,0.407322469,3.181652531,4.628007963,0
Athlete BA,104,3432.06234,60.7085225,32.25,6.285335,0,89.7375,1014.806805,0.299755,2.93621,1.6071425,3388.836196,60.64506741,39.01369151,6.296348173,0,85.0517585,995.8551928,0.29630902,2.913232737,1.917233125,0
Athlete BD,104,4547.866945,82.5094225,216.775,7.6180925,0,213.3925,1388.039518,0.4212625,3.0588175,5.46667,4566.013428,78.29399951,226.4470124,7.603018456,0.558756287,194.0493959,1388.056103,0.395328843,3.033450993,5.320594171,0
Athlete BE,104,3660.92958,65.8606125,73.2875,7.1276025,0,160.215,1208.0775,0.3653675,3.3017275,3.6428575,3579.224229,65.10743664,62.75571902,6.913860615,0,138.455442,1174.146462,0.356100332,3.271670723,3.373358527,0
Athlete BI,104,3700.361828,78.374904,143.262002,7.27192,0,149.034,1176.647744,0.40729,3.118964,3.064286,3638.920494,76.02208,126.6930313,7.216362942,0,132.7944708,1151.636241,0.396088202,3.129691277,2.507520726,0
Athlete BJ,104,4075.501563,73.32036333,170.59,7.04312,0,151.0733333,1328.234947,0.395643333,3.27221,5.449073333,3532.993842,71.86477863,180.0293745,7.169755029,1.73455144,131.7721811,1152.432349,0.388721934,3.27225614,5.632334222,0
Athlete BT,104,4108.407687,77.50062,216.4766667,7.57236,0,233.52,1264.291057,0.392643333,3.037273333,3.555556667,4015.441969,74.528087,242.5903463,7.811909235,0,215.011144,1232.140095,0.378529835,3.064341564,3.990014708,0
Athlete BU,104,4931.836395,76.71979,201.2075,7.21465,0,248.4475,1607.25967,0.4171675,3.2634725,3.2835525,4906.19414,74.26385008,226.0692519,7.462499504,0,240.2405468,1605.633912,0.405654916,3.283628183,3.466935621,0
Athlete BV,104,3902.158168,65.46993,19.93,6.1634825,0,97.02,1232.84313,0.34503,3.1573175,3.3958325,3580.555817,62.40220198,24.93826932,6.391156311,0,80.84440558,1130.601882,0.328321756,3.15238023,3.291428021,0
Athlete BW,104,4293.864028,70.1611325,118.875,7.2652725,0,134.07,1368.720743,0.37139,3.2123,3.8784725,4200.195938,71.0911423,122.4702355,7.27733456,0,124.4083402,1318.601446,0.369932579,3.154268754,3.988162859,0
Athlete BY,104,5528.813645,84.2539075,352.6650025,7.6083675,0,266.6975,1687.777483,0.4279325,3.0441225,3.3585725,4974.921772,79.77691325,324.7436497,7.618525484,0.107709191,234.9404744,1527.853874,0.40807726,3.064490429,3.925257168,0
Athlete CA,104,3761.130188,76.904755,116.2175,7.3142525,0,176.4225,1208.426868,0.414205,3.226945,4.2083325,3636.496296,74.43502143,125.437013,7.46726787,0,165.1056824,1174.391349,0.402412901,3.243999095,4.077149112,0
Athlete CK,104,2543.42891,64.48579,256.412495,6.9188025,0,250.5225,896.7938025,0.385995,3.6640475,8.2321525,2954.96123,61.52397722,221.8975015,6.891744167,0,202.4121914,962.1718579,0.348900802,3.383283056,5.42581287,0
Athlete CQ,104,3922.967477,79.17498,322.87667,8.200233333,0,155.2766667,1059.300157,0.35485,2.684816667,4.219696667,4710.053734,80.18304054,312.8564199,8.278744691,0.232691358,172.7185432,1252.326938,0.354472667,2.653182642,4.457359778,0
Athlete CR,104,4825.75824,74.0266325,326.61,8.36413,4.6,236.415,1406.72516,0.36428,2.950515,4.3651775,4758.115857,73.30187684,308.5632107,8.308221728,3.696666667,221.5622428,1400.849775,0.361875679,2.966016255,4.230253035,0
Athlete D,104,4858.03129,65.81270667,152.2366667,7.51804,0,208.5366667,1471.03276,0.33193,3.02105,3.52778,4705.861466,62.45308433,150.5465926,7.505450272,0,181.540546,1422.317763,0.312787317,3.009021759,3.636263791,0
Athlete E,104,4555.43207,70.952435,118.57,7.0362625,0,157.4475,1418.32171,0.37174,3.13599,2.714285,4203.875528,68.64238682,114.0815036,7.082100919,0,132.3348609,1291.266312,0.352801717,3.080534367,2.999291816,0
Athlete I,104,3511.430588,77.274915,146.4950025,7.0087,0,131.3575,1091.46054,0.3898025,3.0302225,4.0625,3523.296245,76.33719104,150.6803063,7.111166501,0.466977595,134.6196286,1086.322129,0.384043882,3.018778052,3.94691829,0
Athlete J,104,4318.396683,73.1375425,78.065,6.7590275,0,111.05,1301.068863,0.3663925,3.000825,2.6614575,4282.358007,71.29042056,91.21367627,6.96326047,0,110.6724051,1301.301629,0.361352742,3.036914067,3.253189722,0
Athlete Y,104,4315.498533,66.68053,261.5200033,7.49671,0,154.6466667,1260.23235,0.32989,2.96948,2.866666667,4031.616661,68.165095,209.9582089,7.395998095,0.650164304,128.377201,1174.928408,0.335099544,2.952465792,2.85729471,0
Athlete AC,105,5729.98521,78.52037667,285.62667,7.68717,0,138.0066667,1481.942627,0.338536667,2.59705,4.31852,5460.001297,81.87472011,251.9940186,7.395049336,0.019513075,175.4316968,1523.594297,0.385654421,2.830180174,4.026260616,0
Athlete AM,105,2810.739023,71.73996,596.12,7.051473333,0,326.80333,863.5798033,0.35427,3.043406667,15.68889,2767.11784,74.29043612,486.4865437,6.90826744,0.147343393,237.4776397,798.2603535,0.352754313,2.915706414,14.35627624,0
Athlete AO,105,3329.635565,75.493105,364.407505,8.404335,0,190.6825,1036.346425,0.3894975,3.1008975,7.539285,3624.462137,79.68309199,353.346435,8.302663099,1.43219936,214.5415201,1156.720304,0.417803484,3.152737192,6.555377674,0
Athlete AW,105,5400.059807,73.84838,246.07,8.05188,0,258.0033333,1766.63443,0.39984,3.259676667,4.227273333,4599.125476,74.88284703,190.7148314,7.447925449,0.396595009,221.4723667,1507.51565,0.407511356,3.278520433,4.466151974,0
Athlete AZ,105,5024.582563,69.54597,448.28666,8.457473333,12.35666667,266.0066667,1562.873957,0.358023333,3.084573333,4.472223333,5134.113164,74.93483639,420.9214149,8.234218139,7.047037647,282.183061,1613.894956,0.39242793,3.138906169,4.542369343,0
Athlete BA,105,3280.03942,58.11969333,34.58666667,6.175116667,0,80.26333333,1009.64402,0.295283333,3.01336,2.25,3138.298364,59.3938928,29.91817453,6.07825732,0,72.32176417,932.6145678,0.293376038,2.943549696,1.841493273,0
Athlete BD,105,4666.598097,76.69362333,260.5733333,7.99777,0,192.0766633,1410.334413,0.379673333,2.986496667,4.799146667,4733.187137,81.98583397,227.1334028,7.598890274,0.129049885,208.5175011,1449.413487,0.415333294,3.051531684,5.122193655,0
Athlete BE,105,4340.63202,70.74437667,79.61,7.25326,0,151.41,1350.99045,0.364823333,3.113266667,4.421296667,3983.077919,69.26040994,62.70665229,6.980994657,0,152.0246092,1279.775234,0.372735904,3.235393652,3.924005132,0
Athlete BI,105,3718.427295,64.089545,107.83,7.805525,0,127.355,1209.41696,0.3435,3.19068,3.7,3869.133518,73.71657019,129.6239408,7.429640543,0,147.4354572,1259.320794,0.394032497,3.203050264,3.581927325,0
Athlete BJ,105,2959.997273,59.79960333,110.33,7.4962,0,127,978.3883633,0.33163,3.292586667,5.372223333,3513.399766,67.69553107,140.643148,7.245670132,0.513941168,142.590029,1153.502705,0.371328104,3.291941572,5.248332733,0
Athlete BT,105,4033.0193,69.48172,197.625,7.822655,0,227.05,1317.782385,0.374875,3.21594,4.55,4095.579498,75.53011824,212.1424899,7.769728416,0,227.3870096,1298.162424,0.393495878,3.130913882,4.089186447,0
Athlete BU,105,5211.269817,72.40811,166.73,7.260473333,0,222.9933333,1670.372023,0.38538,3.20804,4.469696667,5173.706359,75.83329173,171.4851852,6.970144584,0,235.7825764,1669.886435,0.408321511,3.245238388,3.505537775,0
Athlete BV,105,3528.057203,62.63077333,17.52,6.278443333,0,67.78333333,1074.558783,0.310076667,3.007836667,1.666666667,3829.300127,66.3490577,15.19473039,6.080620935,0,89.66136889,1199.911317,0.342109,3.109409441,2.693265097,0
Athlete BW,105,4274.756427,72.44646,103.27,6.97628,0,124.6533333,1308.755223,0.362853333,3.0374,2.508333333,4308.304208,72.6892223,103.8419784,6.974458706,0,131.0175958,1350.695885,0.376147281,3.135385813,3.3063169,0
Athlete BY,105,4836.22587,75.74381333,265.0266633,7.6744,0,195.88,1442.662503,0.37495,2.97836,3.841353333,5138.834945,82.47576558,295.8733059,7.542248279,0.024876425,231.4087136,1558.673919,0.415975548,3.029191776,3.466270241,0
Athlete CA,105,3175.107613,61.84111667,121.4366667,7.17514,0,121.0466667,1017.89729,0.33245,3.230693333,2.855556667,3104.092662,68.02999105,118.0646682,7.136124936,0,132.9213542,1004.90509,0.369298537,3.259134496,3.409936378,0
Athlete CK,105,3807.291013,80.47776333,327.38333,7.45972,0,176.28,1153.088877,0.39025,2.9096,4.474746667,3462.688403,74.88936979,325.8931563,7.234740362,0,211.7610303,1091.476299,0.387017198,3.121281207,6.769154122,0
Athlete CR,105,4975.534847,69.21425333,385.6666667,9.186383333,12.76333333,225.0733333,1453.258553,0.334093333,2.895793333,4.137036667,5128.922054,70.6648152,386.3066675,8.929056082,10.9456214,237.1033936,1473.181142,0.338496894,2.874375234,4.364358815,0
Athlete D,105,4477.20056,56.89211,105.755,7.518505,0,109.25,1324.910085,0.27633,2.901235,3.25,4431.429858,60.31070824,120.482284,7.41385644,0,150.7873845,1329.402711,0.29913631,2.961439769,3.457656594,0
Athlete E,105,4831.07425,67.15151333,108.42,7.850766667,0,117.43,1406.942787,0.323823333,2.90591,2.194443333,4591.599767,69.94408061,101.6788392,7.351187893,0,135.6481939,1389.772511,0.35571649,3.055682587,2.404337451,0
Athlete I,105,3494.96629,64.07511,139.21,7.393523333,0,120.12,1102.98277,0.338056667,3.20203,3.925926667,3654.85798,70.82619179,143.4552866,7.134150343,0.107852755,128.6383834,1129.967424,0.36232336,3.088508183,3.863017691,0
Athlete J,105,4384.13966,70.823665,107.28,7.765815,0,103.78,1253.07144,0.331215,2.85003,4.15278,4309.940469,72.5723225,90.3657918,7.203712564,0,102.1207433,1264.710608,0.351908229,2.93373795,3.144510864,0
Athlete Q,105,3066.75732,58.6752,21.85,5.81844,0,38.87,960.27499,0.30621,3.13124,6,3383.204566,59.695972,33.044,6.071628,0,51.944,1050.263988,0.30799,3.110392,4.46,0
Athlete Y,105,3989.867965,72.43825,263.429995,7.98598,0,110.86,1092.57423,0.32835,2.74751,3.4,4304.757882,68.46038058,261.3248684,7.852290209,0.228127826,136.0618249,1221.139776,0.323684928,2.848825132,3.375658963,0
Athlete AC,106,5012.3259,79.26715,68.48,6.25563,0,191.68,1510.9269,0.39824,3.01442,3.57143,5092.697243,78.35520939,172.4267322,7.016510761,0.006846693,169.6536948,1449.558904,0.373889797,2.860658657,3.953566766,0
Athlete AM,106,2659.3147,91.70051,189.22,5.82155,0,228.85,606.11539,0.34834,2.27922,4,2783.14452,79.34346595,372.3851621,6.619368985,0.051699436,272.058528,765.2623813,0.349552332,2.733528976,8.403761838,0
Athlete AO,106,5008.80661,79.21149,205.53,8.07076,0,201.09,1671.87051,0.44066,3.33786,4.8,3988.994581,76.07313943,260.1715894,8.258097343,0.391712645,186.8512705,1290.851743,0.406552748,3.201567779,5.535130048,0
Athlete AW,106,5135.32156,81.21225,199.29,8.34284,0,219.33,1746.392,0.4603,3.40075,3.875,4784.626398,75.79335159,202.0691806,8.067014426,0.139156143,213.3416491,1584.281043,0.416937026,3.299715357,4.179776716,0
Athlete AX,106,2818.45313,97.18804,279.87,6.04175,0,235.79,619.1696,0.35584,2.19684,5.2,3254.18985,80.58391167,434.72834,7.417683333,3.91,276.793335,915.39806,0.36521,2.806483333,6.338161667,0
Athlete AZ,106,4850.91728,76.71456,325.24,8.59347,0,242.55001,1659.48694,0.4374,3.42098,4.66667,4787.071317,73.13866546,372.395759,8.602114376,7.892235432,245.332365,1551.026412,0.394515648,3.223418714,4.510969477,0
Athlete BA,106,3971.32586,62.80431,2.43,5.66471,0,97,1462.03776,0.38536,3.68149,5,3648.440253,61.20965367,20.42526592,5.968256136,0,93.63512193,1230.742848,0.34114282,3.318538139,3.380056119,0
Athlete BD,106,5530.52666,87.4622,109.55,7.25389,0,276.96999,1782.96554,0.46994,3.22386,5.33333,4835.188646,80.8150663,186.8760478,7.692952084,0.045280661,223.2574228,1506.172936,0.416507238,3.086350065,5.069189762,0
Athlete BE,106,4107.90567,64.96424,25.35,6.035,0,159.19,1409.02198,0.37138,3.43003,3.4,3962.94451,66.67768238,59.81666162,6.730775903,0,148.8673483,1292.763942,0.362088504,3.267200872,3.777330748,0
Athlete BS,106,3859.401263,80.82529667,524.66334,7.5963,0,237.4599967,1035.436287,0.346916667,2.62436,5.882576667,3857.863876,80.54731667,484.9374145,7.991876593,5.28762963,200.8539986,1025.672588,0.345342593,2.60901363,4.778704593,0
Athlete BT,106,4998.53479,79.04905,176.75,7.67358,0,309.67,1748.99748,0.46099,3.49902,4.16667,4375.009612,75.60477478,189.8877733,7.688534851,0,254.9986709,1454.746862,0.414458168,3.281635059,4.180380643,0
Athlete BU,106,4873.00852,77.06392,200.05,6.90076,0,240.99,1577.8764,0.41589,3.23799,3.25,4714.020068,74.38131037,187.697141,7.163810147,0,224.7444128,1524.603415,0.400443162,3.230524522,3.634053605,0
Athlete BW,106,4469.5878,70.68405,22.36,6.26551,0,136.44,1586.53641,0.41817,3.54963,3.5,4236.034522,70.93841221,74.40016786,6.7619613,0,126.3891564,1390.147274,0.383886005,3.262380285,2.956894819,0
Athlete CA,106,4528.21368,71.61118,124.03,7.32686,0,208.77,1604.27662,0.42285,3.54285,3.375,3890.037148,68.64496926,125.0158485,7.26193103,0,174.6485453,1313.684455,0.38529744,3.361100408,3.339743758,0
Athlete CK,106,5597.74453,88.52522,242.96001,7.06841,0,248.71,1824.47949,0.48089,3.25931,4.25,4343.07829,80.91708104,293.930702,7.21083118,0,210.1594843,1363.581069,0.416876444,3.085752821,5.01451782,0
Athlete CR,106,4707.96625,74.45387,221.65,8.68744,0,191.09,1478.36209,0.38966,3.14013,3.88889,5003.35366,72.70528177,309.6619886,8.832137456,4.098463649,217.8072726,1508.467922,0.366445167,3.023776281,4.055720578,0
Athlete D,106,2772.21551,43.84105,4.09,5.57017,0,60.17,946.5731,0.24949,3.4145,9.5,3968.425665,54.20595366,73.47657064,6.652373973,0,113.843282,1242.228074,0.283230582,3.168014342,6.147847375,0
Athlete E,106,4185.61804,66.19322,80.57,7.19991,0,99.82,1408.72293,0.3713,3.36563,3,4290.711909,66.67743922,96.04590849,7.425968033,0,107.6190739,1343.035853,0.348496429,3.137850791,2.367018989,0
Athlete J,106,4677.6529,73.97448,119.38,7.24418,0,162.38,1629.13433,0.4294,3.4828,3.85714,4323.610375,71.95078889,104.5170186,7.289143362,0,127.3836637,1379.126774,0.379352546,3.165669089,3.584067051,0
Athlete AC,107,4754.251535,77.3843475,212.17,7.5423725,0,216.3875025,1446.86241,0.3918,3.0330625,4.92647,4750.420038,78.17512082,166.4182104,7.190693362,0.002197704,192.0262794,1412.986569,0.388590367,2.979205464,4.549650875,0
Athlete AM,107,2267.097493,78.26510667,333.2466733,6.27849,0,238.3066667,667.3053567,0.381076667,2.941206667,5.708333333,2501.850175,79.75280865,350.7153243,6.409190952,0.019403245,252.0861643,700.1341406,0.365587468,2.803718677,6.314806912,0
Athlete AO,107,3998.074687,72.04952333,201.8433333,7.902263333,0,200.5833333,1292.788997,0.388636667,3.24365,3.925923333,4111.122183,75.18325522,233.4219052,8.141523768,0.147013141,199.9581805,1333.750135,0.40515271,3.234297611,4.66904029,0
Athlete AR,107,3839.33154,34.68753,13.21,5.86293,0,72.26,1047.5373,0.15774,2.72844,3.6,2892.647644,63.1423,57.026,6.744808,1.854,85.094,886.354708,0.332692,3.122922,4.028334,0
Athlete AW,107,4120.505708,65.4793075,146.2225,7.7920025,0,206.765,1395.58342,0.37319,3.3839125,4.03125,4418.229161,72.85579184,171.1293358,7.868043365,0.044667404,219.7517022,1495.156493,0.412124848,3.382380639,4.002022032,0
Athlete AX,107,2500.548643,81.40929333,510.9366633,6.60654,0,320.2100033,762.8149167,0.410596667,3.04245,8.435293333,2840.141873,82.34270665,480.9375717,6.920336955,1.46745679,299.5347108,810.9595528,0.384528123,2.856354658,7.076398947,0
Athlete AZ,107,5056.726235,75.0192125,473.895,8.7546825,27.7775,293.775,1603.972673,0.3988875,3.17503,4.3314575,4763.697752,75.78956678,395.8562313,8.597896929,14.39914347,264.6682908,1540.548117,0.409268943,3.227388229,4.388625542,0
Athlete BA,107,3940.637955,67.58095,35.475,6.2007775,0.15,112.6825,1140.303838,0.32735,2.9053525,3.1428575,3805.959355,65.68118519,28.51446807,6.086356198,0.05,107.3429095,1191.465598,0.341319671,3.120654187,3.126402612,0
Athlete BD,107,4384.092955,68.52319,256.07,7.0392425,0,191.485,1351.548128,0.35165,3.0765825,5.1899325,4429.883115,73.68334326,202.5741635,7.220064404,0.014534533,203.4145423,1380.778035,0.381406644,3.099679311,5.077748535,0
Athlete BE,107,3132.831013,65.28973,67.19666667,6.35064,0,128.4533333,1018.165657,0.348636667,3.189906667,3.92857,3654.763974,66.86656788,65.58168535,6.494091203,0,146.33619,1198.839093,0.363056155,3.257364377,3.734030923,0
Athlete BI,107,4579.32721,76.0475,24.26,7.07311,0,141.57,1465.48935,0.40562,3.20023,3.6,3959.939073,72.32956277,85.52610174,7.335559623,0,135.0929105,1269.165027,0.383006665,3.167984807,3.51036124,0
Athlete BJ,107,3477.17533,69.79585,200.4825,7.676205,0,157.8375,1123.827573,0.369755,3.1922175,5.297025,3503.529165,69.04247315,174.6599839,7.624469631,0.130238502,152.0851617,1141.12297,0.371644308,3.237469299,5.242896154,0
Athlete BS,107,4754.821283,69.8287725,357.8374975,8.1022375,0,229.6950025,1372.783855,0.3384325,2.902035,4.8053025,4142.413037,75.68298966,416.4353283,7.947663625,1.33994513,204.311482,1148.942712,0.340433625,2.730327723,4.486943563,0
Athlete BT,107,2459.383743,57.40425667,133.11,7.376773333,0,124.9033333,787.5171033,0.30017,3.188383333,3.28889,3326.832719,62.22012004,143.8925717,7.476592685,0,184.0748345,1104.074431,0.338958794,3.265258121,3.367287575,0
Athlete BU,107,4504.821975,75.44479,226.6299975,7.5446725,0,235.88,1485.78544,0.415155,3.2946475,3.89226,4559.403717,76.45906777,210.588279,7.364046374,0,236.7124658,1495.993756,0.418329533,3.278374507,3.68182912,0
Athlete BW,107,3706.368285,68.77021,89.9075,7.0445075,0,128.9175,1216.17752,0.3750275,3.2626275,4.0125,4012.084215,70.90507855,80.47656623,6.931801374,0,132.7810564,1331.425808,0.389899736,3.300107159,3.579527966,0
Athlete BY,107,4897.393753,80.569515,277.6,7.6565725,0,253.0925,1546.957375,0.4241775,3.15638,3.8821425,4720.736435,80.11231018,276.7439465,7.647341934,0.006303967,221.4367322,1460.962838,0.412948435,3.088655219,3.700567938,0
Athlete CA,107,4394.964095,80.517025,124.74,7.037095,0,222.555,1483.195325,0.45192,3.365535,3.55,4117.900853,73.96758134,129.6114882,7.203452125,0,196.5854646,1395.347076,0.416494418,3.375846292,3.431552781,0
Athlete CK,107,4427.932205,82.6207,189.055,7.29644,0,210.55,1464.624385,0.446405,3.28779,4.11905,4481.917745,82.67835046,248.8153131,7.284187191,0,214.0186597,1434.529031,0.434704531,3.166409032,4.581850142,0
Athlete CQ,107,3123.81641,28.22301,2.68,5.56859,0,38.06,770.52783,0.11603,2.46662,5,3668.988405,62.33083479,205.5669154,7.313798642,0.097975309,115.7007901,955.0352943,0.272582,2.590432691,4.482046222,0
Athlete CR,107,5060.716988,75.375365,427.9774975,8.686325,13.19,207.9074975,1418.353993,0.360905,2.85637,4.5322875,4826.764274,75.7800397,359.2501745,8.627816406,6.310556233,208.1203274,1422.32335,0.375509436,2.968458868,4.194290834,0
Athlete D,107,4547.87384,59.70247333,155.7766633,7.861943333,0,158.4433333,1369.268403,0.30461,3.06332,3.595236667,3955.923826,56.05891594,99.89730441,7.124292726,0,131.1612071,1233.326516,0.293842021,3.164716494,5.113159879,0
Athlete E,107,4679.409295,68.9907425,143.6225,7.23351,0,144.31,1414.03767,0.35237,3.055845,3.7222225,4319.324086,68.95968608,120.9390879,7.304566282,0,128.0900114,1344.203688,0.359565088,3.126760254,3.173364336,0
Athlete I,107,3660.849105,72.18375,154.3675,7.4501925,0,152.9775,1199.823648,0.3908925,3.2338225,3.9666675,3599.930896,69.78552042,145.8325271,7.34459222,0.027331108,145.210807,1170.280795,0.375700103,3.233997468,3.892809293,0
Athlete J,107,4792.994805,70.606105,131.255,7.1262575,0,142.3625,1474.332385,0.3660675,3.0995675,3.8142875,4430.48371,72.15892434,105.8673146,7.069058579,0,139.3544785,1405.824542,0.382384367,3.173951961,3.708643097,0
Athlete Q,107,5317.86353,48.04575,34.03,6.2488,0,102.89,1522.51907,0.22926,2.86303,4.16667,4028.090887,55.81256467,33.37266667,6.130685333,0,68.926,1207.682349,0.281746667,3.027938,4.362223333,0
Athlete Y,107,4826.911033,70.8278625,254.995,7.7876275,0,195.23,1439.30642,0.35022,2.968705,3.89236,4495.861834,72.70596701,261.4470557,7.712939357,0.073226216,162.4673142,1305.967444,0.350537137,2.903422203,3.682078247,0
Athlete AC,108,3275.094285,86.4061675,178.5975,7.50696,0,155.655,932.78497,0.39552,2.8149,4.0875,4015.110897,84.0779955,207.6559736,7.478123874,0.000434114,189.6903774,1169.514722,0.392935258,2.863147869,4.169602148,0
Athlete AM,108,3092.499247,65.42543667,512.2599967,7.462293333,0,256.39667,880.1819367,0.304883333,2.811243333,4.27619,2770.408856,72.69218071,422.2408362,6.882639541,0.00574911,246.6733091,781.5589845,0.336575423,2.803005657,5.277138221,0
Athlete AO,108,4512.887997,80.83764333,330.31666,8.450843333,3.263333333,276.1333333,1516.295157,0.45169,3.33982,4.395833333,4357.194592,76.46059327,280.9159919,8.160269141,1.856522412,241.3152634,1445.010366,0.421359445,3.29805386,4.369787493,0
Athlete AQ,108,2625.42578,58.89686,629.58001,7.53042,0,278.11999,743.19611,0.27233,2.83076,5.05263,2604.272972,74.904072,449.306,7.283834,0,250.589998,766.51587,0.36071,2.955274,5.94386,0
Athlete AR,108,4251.196633,72.5949175,57.6075,7.0326775,0,163.095,1331.711863,0.3794,3.1364,3.1758925,3721.990107,68.47641028,57.94404321,6.960288611,0.743888889,137.9041358,1168.412516,0.362224568,3.156316543,3.782852068,0
Athlete AW,108,4440.002035,75.15296,180.225,7.53767,0,207.1249975,1544.797453,0.4354775,3.4983,4.1568175,4323.255986,68.51032629,153.7765977,7.663367949,0.008823191,193.6492237,1497.270746,0.397965309,3.472656299,4.200618642,0
Athlete AX,108,3044.767637,64.19768667,623.5933267,7.9157,4.5,271.6933333,862.7411067,0.299223333,2.798216667,5.308823333,2858.78573,73.28533901,530.4773017,7.290033913,2.934802012,279.7337415,825.2065196,0.349953888,2.876663479,6.586362034,0
Athlete AZ,108,4435.413865,75.6590825,333.1525,8.75267,6.5275,246.3474975,1384.076955,0.3932725,3.1118675,4.0503675,4922.463431,74.89018933,418.3544099,8.896527171,17.86245427,281.8606178,1550.997136,0.394228649,3.148408323,4.229161249,0
Athlete BA,108,3756.299545,67.1059025,29.63,6.2308975,0,100.145,1101.376,0.32474,2.909135,2.5833325,3929.253586,66.4340734,33.81927764,6.276351193,0.080246914,106.3232908,1162.237192,0.326792466,2.954009901,3.292604806,0
Athlete BD,108,4023.51944,76.948865,200.3074975,7.566215,0,164.4625,1227.455165,0.3924625,3.04241,4.9503225,4461.169258,74.66600916,233.4278889,7.47865408,0.002871019,183.9202491,1367.175152,0.381202022,3.05012974,5.091915235,0
Athlete BE,108,3564.07043,74.22569,155.88,7.13086,0,140.41,1093.02507,0.37939,3.06679,4.5,3327.381678,67.38838805,88.85720085,6.627915945,0,129.5417291,1061.011954,0.354675048,3.154650088,4.16244881,0
Athlete BI,108,3230.70919,70.1071725,33.8625,6.6174675,0,126.8725,1019.948498,0.363605,3.100175,2.5,3569.750695,70.57606583,53.68686181,6.919916299,0,131.1202727,1136.951172,0.370035267,3.134928163,3.155391856,0
Athlete BJ,108,4050.394388,73.9730575,197.5525025,7.6921575,0,185.515,1322.35288,0.40039,3.24641,5.3940525,3727.019943,69.80771041,185.2045352,7.680709402,0.025726124,168.7739208,1213.236344,0.375584123,3.222418874,5.440471864,0
Athlete BO,108,3018.57721,80.4239,87.78,7.51195,0,120.85,847.50698,0.37634,2.80764,4,4447.901576,65.408838,104.87,7.12764,0,141.994,1326.948566,0.327912,3.013924,3.77262,0
Athlete BS,108,4730.683013,74.8238725,268.855,8.2351,1.335,185.7525,1273.12844,0.337995,2.7172875,4.68877,4821.400839,71.84874287,331.651176,8.240351642,1.006347186,203.7914976,1324.848757,0.328417877,2.755261248,4.796379284,0
Athlete BT,108,2975.07922,54.25676,190.44,8.29604,0,109.21,829.69887,0.25219,2.78883,3.66667,3124.053863,64.13214317,177.5375741,7.789223236,0,154.5204566,969.073619,0.327784229,3.069476577,3.928918102,0
Athlete BU,108,4917.391753,76.6109525,176.2175,7.2789175,0,264.1625,1663.516803,0.431355,3.3775975,3.98889,4855.729532,74.86754021,197.2583317,7.37733771,0,254.4360118,1626.551333,0.418112994,3.345825242,3.95596174,0
Athlete BY,108,4087.66664,80.4319225,190.3925,7.606735,0,191.46,1264.098748,0.4135425,3.0780225,3.9583325,4496.34608,78.85888963,222.5017363,7.664611184,0.001245228,219.8524409,1399.731664,0.40818003,3.100402111,3.890543512,0
Athlete CO,108,3231.37305,53.18388,9.25,5.79876,0,81.16,1081.02407,0.29654,3.3454,4.16667,3537.558832,57.626038,41.024,6.284594,0,97.922,1093.339786,0.298074,3.125406,3.683334,0
Athlete CQ,108,4166.85425,72.1117,95.66,6.72135,0,150.34,1378.67441,0.39766,3.30867,3,3834.943687,65.59112319,168.9312769,7.116315761,0.065316872,127.2471934,1096.248333,0.314274667,2.829845128,3.988030815,0
Athlete CV,108,4330.16534,90.18047,268.33,7.93089,0,202.57,1312.53333,0.45558,3.03114,4.55556,4336.32396,72.12665,210.004,7.942232,0,213.68,1358.228152,0.382088,3.170976,5.073668,0
Athlete D,108,4369.827118,67.0376175,143.465,7.324765,0,140.7725,1333.484593,0.340925,3.0507025,4.055555,4500.507368,62.87827044,145.7056739,7.470344573,0,143.5918085,1369.715633,0.321253631,3.070340448,4.231628397,0
Athlete E,108,4599.258155,70.7750625,117.9625,7.5490675,0,140.5075,1383.640493,0.35884,3.03933,3.65625,4788.13414,68.67778728,119.3819495,7.367211642,0,142.0916998,1445.994357,0.350594277,3.057558507,3.694438573,0
Athlete I,108,5048.334878,76.2196425,230.400005,7.4796975,0,228.28,1585.907643,0.4026925,3.16439,4.27857,4364.853344,72.15076332,199.1395143,7.584411334,0.005398737,190.2847273,1387.849195,0.383710113,3.183821043,4.0886727,0
Athlete J,108,3769.518478,54.2514425,69.5,6.7636025,0,93.69,1239.52239,0.2992925,3.213975,3.1302075,4493.079766,63.18770329,108.727556,7.207840059,0,119.0846501,1441.758331,0.342275091,3.21907298,3.68189342,0
Athlete Q,108,4122.3222,56.28179,14.68,5.84603,0,81.66,1273.84,0.28986,3.0901,3.16667,4059.501325,55.96897311,27.14177778,6.035800222,0,73.17066667,1229.734899,0.284451111,3.048658667,3.963705556,0
Athlete Y,108,4570.010788,69.2534625,250.4450025,7.31695,0,163.9025025,1463.949865,0.3743275,3.25667,3.7936475,4798.196965,67.88088092,252.5549754,7.573236293,0.014464438,177.6875881,1499.744438,0.356889959,3.165586855,3.868807154,0
Athlete AC,109,3746.47312,65.5975225,121.2775025,7.3544225,0,143.32,1134.754815,0.3307825,3.026775,4.375,3678.912094,74.70733032,142.3344216,7.429132216,8.58E-05,149.6566177,1099.636125,0.368036069,2.975588345,4.332781103,0
Athlete AM,109,3474.525087,70.06159667,133.9366667,7.648446667,0,151.2766667,1037.573433,0.337223333,2.967596667,4.166666667,3091.94972,69.25462972,284.8292589,7.425982333,0.00170344,200.6087587,902.6256016,0.328644693,2.902770689,4.441374288,0
Athlete AO,109,4024.69342,68.245105,241.6575,8.19714,2.01,226.835,1287.810133,0.3633675,3.178865,4.32958,4207.550566,76.23052168,270.8292101,8.250531254,2.000613217,239.2183968,1371.829678,0.413069091,3.246651365,4.345759128,0
Athlete AQ,109,3203.756135,83.3650725,488.5324925,7.321905,0.4025,296.674995,937.730015,0.4065875,2.93501,5.137955,2994.355263,77.94073972,498.7882356,7.30416679,0.223611111,282.383762,877.8260125,0.378855154,2.946611235,5.410385864,0
Athlete AR,109,4209.781585,69.42461,57.06,6.974675,0,153.7025,1304.909678,0.3606925,3.11386,2.4583325,3923.749797,70.80475456,58.64209496,7.033184047,0.146941015,146.5507244,1219.410641,0.367806612,3.114680984,2.393129143,0
Athlete AW,109,4432.773873,73.43098,269.9675,7.9047975,0,247.99,1490.933395,0.4100275,3.35054,4.3914775,4298.730673,75.22155717,225.5307163,7.809308947,0.001742853,228.8816362,1445.013446,0.419803425,3.352617664,4.136184269,0
Athlete AX,109,3364.664877,70.69483333,706.38667,7.762656667,7.356666667,340.6499933,987.0637367,0.35057,2.970463333,5.053966667,3085.037661,71.10687205,660.3451285,7.566800542,3.988459855,313.4582649,898.9932269,0.347670164,2.92922708,5.609631714,0
Athlete AZ,109,4466.513625,73.3939675,363.7775,8.433385,7.0075,245.1700025,1408.615555,0.3832975,3.131215,4.2063475,4246.633081,74.07757533,323.7367662,8.398025244,8.066132941,225.700863,1328.970143,0.383932727,3.105851521,4.06872429,0
Athlete BA,109,3344.324715,58.7779425,16.6225,6.2105325,0,93.8525,983.241685,0.285035,2.922815,3.7916675,3447.800761,64.14224138,17.91988818,6.127365328,0.015851242,94.49185373,1009.587767,0.309229499,2.907564487,3.135473449,0
Athlete BD,109,3758.234673,65.80472,195.3174975,7.7672075,0,155.7275,1146.353538,0.3342025,3.036685,4.76515,3839.659164,72.6034786,196.421772,7.535245158,0.000567115,163.6002653,1174.401616,0.369896295,3.048581677,4.708391404,0
Athlete BI,109,3418.039238,59.70587,70.235,6.7498475,0,124.055,1087.494298,0.31943,3.14058,4.1875,3379.993795,67.34924294,60.84647888,6.725984176,0,126.2719057,1079.764325,0.35620246,3.149623958,3.320046539,0
Athlete BJ,109,3999.33046,66.336455,212.5125,7.439755,0,157.2424975,1322.839098,0.3651575,3.30535,5.90282,3753.738829,69.99216348,202.0498779,7.498247598,0.005081703,158.675249,1229.747999,0.380719117,3.266724345,5.96080259,0
Athlete BN,109,5174.756285,69.424275,463.845,8.982905,1.345,277.065,1569.81966,0.34501,3.025765,4.666665,4987.164363,72.19386,391.91,8.4662,0.448333333,265.3633333,1553.021785,0.370223333,3.098296667,4.199556667,0
Athlete BS,109,3726.337645,63.066965,137.845,7.09207,0,139.395,1074.67987,0.303135,2.882905,3.625,4419.840875,72.3485733,242.7943815,7.742967543,0.731650512,178.8244694,1224.461261,0.334805616,2.786176452,4.338403565,0
Athlete BT,109,4406.38322,81.0383,242.7933367,8.205013333,0,213.7933333,1311.937963,0.402603333,2.988716667,3.833333333,3805.177001,74.11095803,216.5445433,7.930587691,0,184.1713253,1143.777142,0.37038433,3.009328641,3.960480097,0
Athlete BW,109,4573.92442,72.45414,77.23666667,6.513916667,0,105.12,1356.246783,0.360883333,2.976276667,3.755556667,4055.029859,71.19206224,77.40718605,6.65205673,0,115.7956058,1260.61793,0.369587489,3.114998575,3.894595149,0
Athlete CK,109,8394.57764,92.72361,679.75001,8.00302,0,319.91999,2321.11823,0.4273,2.76502,5.05882,5824.876545,85.82857558,375.900837,7.464073169,0,249.5739485,1764.276815,0.436686416,3.082903484,4.618816076,0
Athlete CN,109,6167.98608,68.12945,40.19,6.33966,0,180.73,1762.29391,0.32443,2.85716,3,3039.508276,65.76333,23.75,5.85325,0,95.528,893.450894,0.323324,2.954542,3.61,0
Athlete CO,109,4869.94897,53.79178,102.23,6.76855,0,154.54,1483.71858,0.27314,3.04668,3.66667,3981.688878,56.347952,61.426,6.445912667,0,116.7946667,1223.466051,0.289762667,3.099164,3.677779333,0
Athlete CQ,109,3957.73239,66.18282,39.27,6.17331,0,102.09,1311.93073,0.36564,3.31485,4,3875.873255,65.78835546,125.7108513,6.801980508,0.043544582,118.8614623,1168.142465,0.331396444,2.991513418,3.992020543,0
Athlete CV,109,4873.561388,77.4691775,222.125,7.383305,0,230.5025,1570.75495,0.41261,3.222495,4.1367525,4487.717703,76.03080818,209.0846914,7.622736667,0,218.5695988,1429.695166,0.403495617,3.197132593,4.428946451,0
Athlete E,109,4417.981195,72.6317475,127.7075,7.1899675,0,141.0875,1308.384438,0.35785,2.973545,3.125,4264.238091,72.00689147,126.5177616,7.322983442,0,134.976416,1273.156571,0.358743869,2.998810508,3.294580459,0
Athlete I,109,4784.26876,77.1866925,238.4099975,7.5227225,0,207.9475025,1512.448385,0.407345,3.1618775,3.7,4463.275249,76.43852803,208.5656452,7.464614924,0.001066417,193.4842371,1404.914184,0.402844467,3.157913632,3.898291521,0
Athlete J,109,4392.99443,72.2768625,112.1425,7.0902275,0,129.095,1370.100755,0.3712025,3.1058175,3.9083325,3883.333943,64.09233883,92.48127649,6.850880968,0,107.9978938,1218.000408,0.331514185,3.087060496,3.358511509,0
Athlete Q,109,4815.29419,53.18808,65.7,6.46775,0,83.87,1423.5755,0.26207,2.95636,4.33333,4311.43228,55.04200874,39.99451852,6.179783481,0,76.73711111,1294.348433,0.276990741,3.017892444,4.086913704,0
Athlete Y,109,4488.668425,72.6927275,219.3050025,7.6066575,0,169.1425,1370.588415,0.37284,3.0707525,4.75,4315.111362,72.17378102,223.8543187,7.54176936,0.002857173,165.3100489,1334.147235,0.374595177,3.112751138,4.406379253,0
Athlete AC,110,5972.21454,83.95803,225.59,7.79946,0,217.21,1592.13553,0.37304,2.6659,3,4483.654712,70.24786282,170.4701198,7.583783804,2.81E-05,167.0949412,1281.619885,0.334907633,2.89196838,4.034007439,0
Athlete AL,110,1914.15839,52.608575,169.185005,6.367595,0,144.49,516.60871,0.23782,2.724005,1.5,2169.65145,59.06245667,173.68,6.162908333,0,172.1916667,613.2232917,0.276115,2.826818333,1.944443333,0
Athlete AM,110,4461.49414,82.62026,139.49001,6.7778,0,141.74,1276.35029,0.39394,2.86081,4.5,3795.996827,74.13585742,191.9893404,7.237220632,0.000717238,169.4696528,1115.147419,0.356562327,2.925933097,4.633210226,0
Athlete AO,110,5039.276965,78.46688,420.825,8.40841,0,306.065005,1632.877345,0.42951,3.28844,4.25,4334.835426,69.55961969,296.5722199,8.25641889,1.234355752,258.3311444,1417.854217,0.382221546,3.267550715,4.294521727,0
Athlete AQ,110,4826.264068,85.725875,310.5625,8.10178,4.0825,211.0725,1393.59141,0.4222075,2.9837675,4.97475,4222.488793,86.86014945,329.1935703,7.75146844,2.411608368,233.6770689,1213.681342,0.42013179,2.92082083,4.729864924,0
Athlete AR,110,4840.4599,75.691015,103.525,7.45074,0,214.97,1478.71572,0.388935,3.075685,3.5,4620.863085,72.00268351,70.45873537,7.077200936,0.040188996,179.0784887,1426.631906,0.373718689,3.107562192,3.247123099,0
Athlete AX,110,4986.00879,92.3335,288.62999,7.59608,0,226.42,1491.18249,0.46024,2.99073,4.25,3899.380493,76.28122051,534.5377694,7.801416369,5.551281343,294.3617249,1145.289536,0.373875157,2.935497893,5.016043529,0
Athlete AZ,110,5252.19879,81.422905,428.56,8.584485,15.04,331.21,1617.849495,0.422095,3.124535,3.22222,4936.925724,75.99655082,400.0609959,8.552960451,9.615181659,291.9396394,1553.55506,0.400035489,3.161750459,3.821535789,0
Athlete BA,110,4757.813795,74.170855,142.17,7.358145,0,168.515,1354.4439,0.35534,2.87438,3.4,3962.570244,64.04828888,65.70108053,6.691857483,0.004335382,125.1572164,1154.66956,0.311197214,2.917617979,3.572665644,0
Athlete BD,110,5540.010665,85.8516,346.66,8.10624,0,244.69,1655.09933,0.434455,3.060905,3.699345,4498.155646,72.52174389,250.3406552,7.933973547,0.000155108,193.0021238,1381.467175,0.374747149,3.093079219,4.573121367,0
Athlete BI,110,4864.48986,75.7298,105.225,6.956235,0,175.105,1592.254285,0.414265,3.28319,3.857145,3962.204782,64.72495123,81.94301132,6.844267595,0,144.184752,1274.361709,0.349494562,3.179692536,3.915984139,0
Athlete BJ,110,4555.72996,75.43442667,161.8733333,7.360556667,0,208.71,1404.844063,0.389226667,3.082396667,3.533333333,4228.343252,69.81512347,173.7016242,7.308150608,0.001173666,179.4523619,1351.632902,0.370657171,3.180888968,4.433817647,0
Athlete BN,110,5243.023225,81.707165,434.8,8.68521,7.275,228.01,1489.93307,0.38836,2.85206,3.583335,5230.21686,76.64307944,430.2133333,8.560618889,2.624259259,255.4103704,1567.692849,0.380481481,2.993975185,4.086840185,0
Athlete BS,110,3442.633665,61.89028,355.48999,8.781085,5.925,210.374995,976.841525,0.292945,2.84138,4.5,3618.557912,63.92504702,262.7008318,8.095760575,2.300178006,175.809207,1015.089591,0.299614163,2.821768423,4.20595714,0
Athlete BT,110,5405.02258,84.16066,289.494995,8.42147,7.28,286.125,1694.41713,0.443735,3.166225,4.134925,4567.277787,78.70917674,241.3520895,8.207224277,2.426666667,237.6302604,1424.723869,0.409752075,3.124520897,3.961258309,0
Athlete BW,110,4645.864625,73.273675,115.785,6.66262,0,173.885,1395.66981,0.368415,3.00436,3.5,4535.776406,71.49709906,90.54623487,6.651663999,0,136.911002,1371.726086,0.362969499,3.035272248,3.679390111,0
Athlete CK,110,5242.79228,81.30484,251.455,8.12283,0,208.04,1673.55731,0.43827,3.252905,3.833335,5475.439027,83.38705421,310.2687983,7.713159538,0,226.5033047,1717.179563,0.440930231,3.201828046,4.362306153,0
Athlete E,110,4985.281385,77.05872,218.040005,7.709465,0,119.255,1383.485665,0.359095,2.811205,3,4846.166098,73.62894374,159.6322954,7.506653719,0,131.543336,1397.698143,0.355564263,2.912490609,3.097663031,0
Athlete H,110,2332.415933,58.51242667,480.2099867,7.40692,0,165.1633333,609.5527533,0.25883,2.682956667,2.272726667,2952.31671,62.65971876,336.95277,7.57827161,0.055415943,140.5472242,851.0300994,0.298417045,2.860168128,2.877428746,0
Athlete I,110,1200.3512,16.87467,0,5.15209,0,28.32,297.06952,0.0696,2.47486,0,3937.177872,57.29260628,178.9609278,6.720486385,0.000350004,164.1364695,1211.325118,0.294164645,2.919398833,2.645593115,0
Athlete J,110,5135.97064,79.71431,181.83,7.398155,0,158.71,1484.823575,0.38761,2.927285,3.966665,4804.508877,72.71070566,136.6968449,7.115936376,0,142.5399368,1463.481411,0.368672085,3.05465411,3.829391994,0
Athlete Y,110,2216.55908,75.35045,114.99,7.25862,0,91.69,673.3232,0.38149,3.0377,3,4103.697713,73.43164838,211.6961354,7.495106764,0.000937739,155.6817084,1244.780811,0.37298893,3.046916476,3.945341909,0
Athlete AQ,111,3882.59448,85.38304,953.53998,8.33908,0,307.15,1160.57341,0.42537,2.98917,7,4114.615003,84.1171391,578.8682421,8.126315693,2.466374028,258.3588841,1217.620477,0.422007408,3.035033247,6.259178949,0
Athlete H,111,2929.03101,72.82192,272.67999,6.54987,0,252.53001,1148.73972,0.476,3.92191,5.33333,2779.815366,65.07320369,317.119057,7.154494538,0.023333029,194.276203,906.0856924,0.354979457,3.23377658,3.869708069,0
Athlete AC,112,4306.128348,81.7995325,138.2725,7.52762,0,180.4775,1318.413133,0.416855,3.0553725,3.8416675,4434.526589,76.75415752,157.8774863,7.641743625,1.13E-05,177.4788653,1315.313573,0.379720161,2.975277159,3.923830423,0
Athlete AL,112,2761.136473,59.97365667,71.13666667,7.230606667,0,112.4966667,838.2328233,0.302273333,3.06042,2.142856667,2739.628494,61.60991418,111.2551852,6.665328658,0,150.7221811,801.7467891,0.297704099,2.925887226,2.371035893,0
Athlete AM,112,4272.67037,76.64984667,233.9866667,7.72673,0,168.8633333,1196.63056,0.355653333,2.79069,3.916666667,4093.929818,75.94828645,213.2999375,7.449904123,0.000336482,170.3325532,1169.209864,0.357743561,2.850766021,4.306320847,0
Athlete AO,112,4241.96709,75.68186333,288.7066667,8.688423333,0,210.0133333,1295.722417,0.382966667,3.030553333,4.178453333,4484.154499,74.80799695,322.221722,8.50756909,0.463264381,242.9838872,1397.665489,0.388620333,3.112532861,4.238857784,1
Athlete AQ,112,5552.573355,85.72197,359.0449975,8.44738,0,179.985,1428.879293,0.3683125,2.5774,4.2666675,4795.937075,85.23592853,454.6883667,8.319987161,0.989594518,209.320972,1302.758752,0.391442571,2.767235315,5.112633807,1
Athlete AR,112,4790.677178,75.294615,72.25,6.74,0,192.82,1539.32021,0.399775,3.188315,3.7976175,4695.591525,75.27894656,79.06002617,6.872484807,0.012900171,193.1373544,1467.486147,0.391694147,3.119945889,3.561245038,0
Athlete AW,112,4120.197335,76.64227,250.235,8.308445,0,249.065,1393.746343,0.433205,3.3891075,4.28638,4459.430572,75.10734395,275.3612526,8.216471891,0.000344267,252.8472368,1490.261125,0.417873578,3.336943026,4.319896584,0
Athlete AZ,112,5025.53502,78.1299025,374.825,8.7296175,6.23,288.085,1596.177303,0.411885,3.1637775,4.0715225,4947.076898,78.5792119,413.0174184,8.666828571,8.961292878,292.550625,1550.110914,0.410185034,3.136445548,3.954802012,0
Athlete BA,112,4454.403993,71.638385,64.1625,6.4852825,0,125.3875,1304.46388,0.34732,2.9143975,2.6,4298.74858,70.2643818,77.8499456,6.656243482,0.001391604,132.3695695,1238.250992,0.33668855,2.880743888,2.698633417,0
Athlete BD,112,3858.203215,81.45209,152.97,7.7590425,0,136.2675,1161.780535,0.407015,3.0001725,4.944445,4441.168696,78.96057032,213.2441609,7.829987281,4.98E-05,173.1179348,1326.656439,0.394168961,3.002060891,4.575254451,0
Athlete BI,112,3150.085013,73.26486333,74.55333333,6.14818,0,139.2266667,989.9981667,0.404606667,3.37572,3.633333333,3960.66438,72.02203347,87.23387091,6.530810011,0,158.5412896,1250.807348,0.385965959,3.224308705,3.70832743,0
Athlete BJ,112,4463.91297,75.461825,234.3175,7.505335,0,210.38,1424.692968,0.397625,3.1457125,5.5300825,4518.429882,75.14448236,228.4529798,7.528890456,0.00029742,207.0493055,1419.18598,0.391733442,3.121541696,4.923408193,0
Athlete BN,112,4460.297823,74.1805025,382.8600025,8.246375,0,244.165,1353.725738,0.37137,3.00523,4.433395,4767.780013,76.05061528,414.111935,8.45915773,2.009947417,246.8814152,1420.329545,0.375148315,2.967119936,4.252672282,0
Athlete BO,112,4488.564788,70.08992,110.885,7.1710125,0,146.6825,1365.084813,0.35437,3.019835,3.76894,4461.641023,67.74123852,111.8849383,7.246398549,0,143.2502778,1344.900961,0.340777716,3.011363457,3.79274642,0
Athlete BS,112,3403.946203,80.874865,273.2774975,8.20793,6.4925,156.265,957.4083125,0.371795,2.8129375,4.64394,3789.463926,72.72009861,294.7454197,8.29133611,5.296199113,183.2551767,1070.646849,0.338841768,2.835788537,4.495590193,0
Athlete BT,112,3361.191227,70.91576667,234.8433333,7.98423,0,171.4566667,1031.151833,0.36639,3.07355,4.033333333,4121.804318,76.1792807,248.5724623,8.106102124,2.276872428,216.0985422,1271.444618,0.394633396,3.101539423,3.972232797,0
Athlete BV,112,1760.71509,69.80317,0,5.38084,0,26.28,509.87412,0.3369,2.89584,0,2879.268426,64.82678833,13.02234262,6.018386008,0,55.52443602,867.2040616,0.319777474,2.975370993,1.134006356,0
Athlete BW,112,4538.717085,75.4687125,121.1675,6.70229,0,143.165,1439.137398,0.3969375,3.16545,3.833335,4558.341608,74.91321214,124.6836371,6.754117024,0,146.7544574,1406.415189,0.385576537,3.086609425,3.665607443,0
Athlete BY,112,4756.668803,85.20769667,306.7866633,7.897936667,0,260.0933367,1469.338893,0.436496667,3.077923333,4.125,4545.04624,83.74633763,258.2972496,7.744881256,0.000287597,237.829162,1401.435547,0.428738269,3.072813401,4.118402908,0
Athlete CK,112,4297.025327,77.28515,337.0166633,8.111943333,0,206.95,1331.60264,0.39526,3.084293333,4.50463,4989.417319,81.5229457,335.6908311,7.965254913,0,222.181907,1541.573053,0.420264383,3.113660699,4.338617495,0
Athlete CN,112,520.11633,65.71412,19.86,5.86495,0,13.36,148.54059,0.31279,2.85591,0,2199.710961,65.74692667,22.45333333,5.85715,0,68.13866667,645.1474593,0.319812667,2.921664667,2.406666667,0
Athlete CQ,112,4330.772245,74.602445,77.8,6.487175,0,164.735,1431.342635,0.408525,3.30371,3.25,4075.06331,70.39984248,107.0926952,6.687000838,0.024191434,139.4802568,1273.742565,0.366514136,3.106274121,3.634455857,0
Athlete CV,112,4811.025428,75.3763525,150.68,7.1962925,0,223.15,1589.553498,0.4088375,3.264015,3.83601,4934.205041,75.09606628,194.9785193,7.363956842,0,230.6941183,1611.299988,0.405074659,3.248687858,4.163587694,0
Athlete E,112,4808.720565,75.158985,138.195,6.909165,0,158.1675025,1479.369705,0.383625,3.062675,4.055555,4811.092578,76.24819459,160.861108,7.151902243,0,147.5822136,1425.828119,0.377140813,2.974230442,3.648632393,0
Athlete H,112,3608.335393,66.96168,196.2466667,7.46002,0,216.7166667,1256.73748,0.391013333,3.514833333,2.253966667,3212.733761,66.24860321,266.4153601,7.238204845,0.010946359,210.2669841,1098.613341,0.378311103,3.415826544,3.236934403,0
Athlete I,112,5060.061128,78.3512425,246.2925,7.36204,0,236.9175,1589.624525,0.4052875,3.104365,4.475,4447.419013,70.10287323,212.1797241,7.088329167,0.000140434,197.9510217,1379.572886,0.360081031,3.019010952,3.647819892,0
Athlete J,112,4924.527718,77.05252,132.4475,7.2003725,0,163.6425,1539.392568,0.395735,3.0878475,4.0208325,4876.677767,77.26512947,144.8396971,7.265624115,0,155.5270476,1475.736573,0.387530854,3.018245733,3.925843263,0
Athlete Q,112,4537.4668,67.41348,2.12,5.54933,0,88.86,1448.84105,0.35876,3.19306,3.33333,4386.77712,59.16583249,27.36967901,5.969632321,0,80.77807407,1345.845972,0.30424716,3.07628163,3.835719136,0
Athlete Y,112,4834.508713,74.6894975,205.290005,7.256085,0,175.9425,1450.182843,0.369125,2.9672225,3.496155,4372.328407,74.20256883,208.2395016,7.31528222,0.000376253,160.7538645,1311.482875,0.3695092,2.991018617,3.670614778,0
Athlete AC,113,5609.861207,80.55614,248.1366667,7.344786667,0,232.8966667,1745.23802,0.41857,3.121226667,4.03846,4740.991085,79.64702995,167.8932789,7.267600112,2.61E-06,195.0611605,1466.472389,0.410895652,3.095953387,3.889954574,0
Athlete AL,113,3226.469533,65.50262333,89.82,6.883856667,0,131.6666667,995.78176,0.337393333,3.089706667,4.0873,2933.251658,61.03427889,95.36030178,6.877593306,0,134.4255845,894.3218432,0.308509116,3.041618684,3.093181005,0
Athlete AM,113,5178.78486,75.66982,214.73,8.203423333,0,205.1633333,1491.267107,0.361243333,2.86869,3.962963333,4510.711635,75.42327327,210.5862778,7.908902333,9.97E-05,184.2305096,1290.354242,0.357108833,2.850372031,3.985823831,0
Athlete AO,113,4117.088745,72.600345,224.695,8.34773,0,232.635,1256.393515,0.36734,3.04551,4.214285,4206.441913,72.01656796,255.3045516,8.492391376,0.162548906,223.6844926,1297.081064,0.368693743,3.070265156,4.151989837,0
Athlete AQ,113,6024.816793,87.79974333,323.90667,7.954753333,0,203.2466667,1557.414967,0.378216667,2.586366667,4.447296667,5689.366367,86.77207071,360.2893497,8.208362372,0.228555923,206.6523916,1486.185473,0.379971927,2.631827647,4.450880627,0
Athlete AR,113,4429.60129,73.50148,48.95,6.32888,0,149.9266667,1229.092953,0.322276667,2.629346667,2.51852,4450.015006,73.29078099,59.14910576,6.54348878,0.002979413,161.82952,1303.737333,0.34380853,2.814463001,2.833048263,0
Athlete AW,113,2433.20925,92.53809,121.9466667,6.386,0,132.37,631.8863667,0.37052,2.575656667,8.875,3357.324449,81.69500699,166.4450186,7.13043505,7.95E-05,187.1552991,1025.457823,0.383301746,2.957067865,5.723921927,0
Athlete AZ,113,4278.114445,75.03965,333.6,9.322125,19.23,253.58,1363.601525,0.395355,3.170335,4.333335,4902.981284,75.71962325,352.5666444,9.027114011,11.19308865,283.6624786,1562.882941,0.400861847,3.181364039,4.099754781,0
Athlete BA,113,3767.554767,62.09261333,46.54,6.587243333,0,120.3666667,1211.09346,0.329896667,3.232106667,3.583333333,4065.8592,64.60625784,56.04769114,6.532032924,0.000321404,124.1256062,1267.170722,0.333784191,3.137145593,3.440282666,0
Athlete BD,113,4680.575623,76.33972,272.00333,7.833663333,0,160.9466667,1474.36214,0.399193333,3.138513333,5.548566667,4161.133922,77.99426328,208.7295012,7.920259784,1.15E-05,148.3814755,1280.252625,0.397963509,3.066186846,5.275879547,0
Athlete BI,113,3000.587237,87.87506333,73.39,6.64706,0,127.67,942.03219,0.40896,2.908423333,2.694443333,3252.717996,75.6179056,73.94917163,6.558545929,0,132.6758142,1041.438698,0.394440531,3.211734061,3.426952201,0
Athlete BJ,113,3431.328713,71.06202,223.9300033,7.799053333,0,136.8766667,1122.467477,0.382276667,3.25879,5.31111,4106.914075,72.65924597,222.4408971,7.59722395,6.87E-05,178.9360428,1340.325171,0.391312105,3.245362547,5.238503961,0
Athlete BN,113,4374.187083,71.03081,314.9033333,8.19414,2.39,204.0933333,1375.28484,0.368853333,3.165256667,4.727513333,4450.652473,71.65083622,326.2667712,8.203971096,1.791993553,223.0750087,1391.971461,0.369903125,3.133297093,4.501179262,0
Athlete BO,113,4377.899943,74.92869667,146.9233333,7.92354,0,167.5366667,1263.318517,0.358803333,2.881483333,3.425926667,4446.216475,72.7540628,129.0693172,7.512698522,0,160.4581591,1315.056304,0.357423452,2.951275547,3.495819656,0
Athlete BS,113,5415.86066,79.69057667,534.1366733,8.751313333,2.036666667,288.0866667,1549.959767,0.37682,2.856523333,4.663846667,4216.406557,80.88373828,394.0372008,8.473475371,4.22906517,220.5390912,1200.842265,0.377594718,2.832108287,4.577014103,0
Athlete BT,113,3769.47934,67.12285,355.464995,8.01849,0,221.06,1085.91182,0.320605,2.88222,4.65278,3737.870367,68.72222241,284.1616507,8.039965131,0.798902606,195.190775,1113.538058,0.342557537,2.980684768,4.302879695,0
Athlete BW,113,4983.8845,73.62262667,104.94,6.62631,0,127.3333333,1535.992523,0.37409,3.064603333,3.722223333,4663.79029,73.0222033,106.0693718,6.635813898,0,135.0897246,1456.4562,0.377676444,3.114177704,3.751861527,0
Athlete BY,113,5194.838053,76.55996,307.7499967,7.854863333,0,248.7266667,1645.895527,0.40393,3.193426667,4.527776667,4722.761438,79.4475788,290.4109123,7.826085681,8.52E-05,243.6414806,1499.200657,0.417779858,3.176784218,4.165739997,0
Athlete CK,113,4250.12665,74.45538,369.925005,8.25668,0,249.47,1245.41523,0.36116,2.91615,4.72778,4466.537463,75.74601656,333.6482178,8.0953357,0,226.4059907,1355.001068,0.381082006,3.02822966,4.530850934,0
Athlete CN,113,2565.52197,64.93622,55.68,6.46304,0,77.3,786.87967,0.33195,3.06713,3,2321.647964,65.47669111,33.52888889,6.059113333,0,71.19244444,692.3915296,0.323858444,2.970153111,2.604444444,0
Athlete CV,113,5239.770223,76.17951333,219.5833367,7.739153333,0,251.7933333,1676.00966,0.403136667,3.178083333,4.4747,4934.397858,76.1329731,183.0456553,7.485515301,0,234.9075001,1593.441933,0.405743988,3.205718812,4.096559494,0
Athlete D,113,1474.13611,85.19376,63.63,5.8684,0,110.94,358.23622,0.32537,2.43014,3,3075.031689,74.48445063,105.4671929,6.636649969,0,126.1917767,889.5204474,0.329040651,2.761140465,3.660692382,0
Athlete E,113,3495.26712,71.58722667,92.65333333,6.963933333,0,108.5033333,1048.89937,0.362123333,3.05554,3.75,4402.013403,72.97791996,121.0691068,7.040969612,0,138.4094984,1325.549955,0.366408664,3.023000258,3.7610503,0
Athlete H,113,2727.25891,62.166585,303.335,7.42644,0,123.655,776.252195,0.304195,2.92504,4.416665,3210.206525,63.98399993,238.4138983,7.452147372,0.003840828,168.647626,1010.617021,0.33886989,3.157691536,3.414030814,0
Athlete I,113,4265.747695,75.17157,137.290005,7.39744,0,170.755,1347.494405,0.39061,3.14153,3.333335,4792.359161,73.71578268,195.8613792,7.33260114,3.84E-05,216.38357,1527.866279,0.387679769,3.145071628,3.907382406,0
Athlete J,113,4657.56894,71.87787667,154.9099967,7.41178,0,146.9466667,1502.38439,0.38515,3.219456667,4.077563333,4832.121442,73.6185145,148.628531,7.306324088,0,156.4990674,1535.817094,0.387212055,3.161453398,4.107863069,0
Athlete Q,113,4370.93872,64.15774,36.26,6.47946,0,81.69,1282.70596,0.31317,2.93462,3,4381.497653,60.82980166,30.33311934,6.139574881,0,81.08204938,1324.799301,0.30722144,3.029061086,3.557146091,0
Athlete Y,113,2814.405395,69.93879,93.875,7.38465,0,84.585,887.113265,0.356775,3.06549,2.25,4224.686319,72.17312763,156.9589679,7.31460018,0.000102907,146.1188775,1299.942368,0.366035294,3.045394579,3.248012418,0
Athlete AC,114,5278.840307,71.02065333,153.5633333,6.844663333,0,187.36,1719.944007,0.380603333,3.261716667,2.407406667,5224.342274,74.30862072,182.6944283,7.046378922,7.73E-07,196.0420723,1667.486426,0.392197107,3.200458905,2.944601108,0
Athlete AL,114,3259.586403,68.294695,52.5775,6.4065275,0,113.745,1020.393378,0.3443525,3.117075,3.5333325,3104.286767,66.82679933,65.79611124,6.670154023,0,117.2876822,970.0337884,0.339218683,3.112336401,3.35549448,0
Athlete AM,114,4729.01204,74.91549,226.185,7.243955,0,193.8825,1341.351718,0.345385,2.795405,2.975,4695.599648,75.32551846,219.1359638,7.560293096,2.53E-05,188.7323075,1340.86255,0.350846345,2.816579144,3.259805454,0
Athlete AR,114,4489.214845,76.7953075,79.3375,6.67079,0,160.785,1377.55375,0.380605,3.0156125,4.002975,4586.941151,75.65102468,66.74236436,6.63046011,0.000755017,163.8446737,1394.722253,0.370805963,2.968948771,3.670864787,0
Athlete AW,114,4009.82111,78.987535,226.42,8.003615,0,219.3325,1365.97994,0.4333375,3.320485,5.1183,3701.097831,84.53634549,217.404943,7.548608291,2.01E-05,210.9587649,1226.196499,0.431444996,3.172153611,6.911470141,0
Athlete AZ,114,4939.737548,77.17294,378.9025025,8.572165,0,328.5525,1666.962528,0.42599,3.33721,4.203125,4822.553025,77.95822753,358.4104978,8.766440547,6.533090184,301.6352092,1584.194193,0.42075442,3.253988642,4.227741535,0
Athlete BA,114,3561.350463,66.79005667,55.46333333,6.386026667,0,109.5766667,1001.992957,0.3074,2.808246667,1,3740.394622,65.73126195,51.56116775,6.442019632,9.52E-05,107.5699327,1103.676372,0.31791902,2.942188818,2.186009679,0
Athlete BD,114,4266.139235,79.8865675,198.4275,7.6652325,0,161.0325,1338.14632,0.406185,3.1099,4.5158725,4390.70864,80.17503293,232.6026942,7.760699099,2.91E-06,158.1652781,1368.509515,0.407521325,3.086425006,4.89116106,0
Athlete BI,114,3725.146235,71.653165,100.4475,6.8542275,0,123.66,1212.667815,0.386655,3.255745,3.125,3465.86482,78.47622268,84.34629593,6.71086948,0,124.8902128,1120.454003,0.401764842,3.154774798,3.249601273,0
Athlete BJ,114,4304.000243,79.059325,245.012505,7.96286,0,191.195,1427.889265,0.4276675,3.306715,4.262815,4136.434652,77.17091947,226.2727072,7.901773269,1.74E-05,181.4447444,1355.305976,0.41252611,3.253588339,4.725516056,0
Athlete BN,114,4381.941015,75.3253725,349.7250025,8.66643,2.2275,228.01,1340.863553,0.3787725,3.036775,4.14542,4460.131608,75.07359647,356.0170189,8.565830096,2.544437938,225.9067403,1365.122508,0.377664669,3.041359978,4.312482438,0
Athlete BS,114,3881.46123,75.78512,311.29,8.43317,0,126.81,908.39736,0.29561,2.34035,3.33333,4602.794365,78.78627331,416.2393519,8.527702788,2.209430949,207.1822489,1238.87527,0.347548478,2.656840156,4.305586114,0
Athlete BT,114,4544.89679,83.84252667,371.71667,7.928966667,5.396666667,300.69333,1477.69399,0.44622,3.323986667,4.545453333,4374.934059,80.06698056,341.1352626,8.174811308,4.097489373,254.8764866,1341.222729,0.401927224,3.07616895,4.347617762,0
Athlete BW,114,3446.244477,76.42491333,39.63333333,6.278833333,0,72.23,994.5439667,0.36432,2.878133333,3.25,4162.977556,75.66295554,66.96327067,6.423642883,0,97.40498014,1248.788254,0.37177228,2.966823517,3.474831811,0
Athlete BY,114,4354.836397,76.63384667,210.5,7.099953333,0,221.13,1314.471817,0.37372,2.92891,3.61111,4834.232215,80.32229742,260.4750839,7.462307856,2.52E-05,235.7842659,1477.937829,0.401344896,3.013542608,4.047049999,0
Athlete CK,114,4293.419188,80.6205,251.1225,7.290255,0,221.5924975,1297.27177,0.3963575,2.9500125,4.2708325,4534.167014,79.34768742,316.7044588,7.758853064,0,248.3702851,1376.951634,0.393765551,2.982046774,4.460091071,0
Athlete CN,114,4415.33032,64.16559,24.73,6.12589,0,147.11,1367.83068,0.3281,3.09791,4,3019.542083,65.03965741,30.59592593,6.081372222,0,96.4982963,917.537913,0.325272296,3.012738741,3.06962963,0
Athlete CO,114,3951.63525,67.03785,64.53,6.22924,0,157.87,1290.4884,0.36077,3.26571,3.6,3971.671002,59.91125133,62.46066667,6.373688444,0,130.4864444,1245.806834,0.313431778,3.154679333,3.651852889,0
Athlete CV,114,4629.548223,74.7193525,151.5725025,7.1254375,0,208.53,1403.824785,0.364125,2.978185,3.875,4738.818607,75.53580437,156.9485289,7.224070815,0,209.6419168,1469.994491,0.379174107,3.04948236,4.091585219,0
Athlete D,114,2022.909305,72.0197775,315.024995,6.3173575,0,199.7375,688.314315,0.413335,3.603245,7.0625,2294.253424,74.95375073,247.9443418,6.364306934,0,164.7410333,708.1756469,0.379502616,3.213835334,6.131827184,0
Athlete E,114,3886.058048,74.394855,133.825,6.9001725,0,120.405,1224.989543,0.376055,3.0952975,3.25,3886.546046,74.22044069,128.661775,6.989512714,0,123.0869132,1208.276568,0.374942878,3.081315951,3.551858101,0
Athlete I,114,4971.776845,73.7876725,239.4575,7.3395675,0,241.3725,1625.184753,0.39225,3.2138325,3.8375,4663.032647,73.77977385,188.3665855,7.22840515,1.23E-05,209.5563614,1494.663489,0.385384555,3.148676603,3.684314106,0
Athlete J,114,4421.956433,70.302975,84.51,6.9550775,0,105.3625,1449.44603,0.370275,3.21221,4.475,4455.001602,71.42761744,106.1618099,7.025545112,0,120.4932806,1449.099197,0.375930599,3.197120569,4.391807162,0
Athlete Q,114,3165.43896,64.52705,16.42,5.93903,0,87.57,955.59482,0.32114,3.01884,3.66667,3976.144756,62.06221778,25.69541289,6.072726587,0,83.24469959,1201.731141,0.31186096,3.025654058,3.59365406,0
Athlete Y,114,4295.926545,72.184385,158.4575,7.29144,0,131.9225,1358.24154,0.3727525,3.160015,3.9523825,3916.848603,71.97964572,140.4454403,7.350741971,3.30E-05,128.7538063,1238.880497,0.369969323,3.119782272,3.356946486,0
Athlete AC,115,4512.214663,70.62916,103.2675,6.937025,0,170.4499975,1496.483368,0.3871525,3.3393775,3.635715,4834.645698,72.33876278,136.8053278,6.987919909,1.96E-07,182.0095269,1572.37409,0.388843495,3.280684448,3.404695892,0
Athlete AL,115,3728.99082,69.58555,81.49666667,6.252196667,0,132.6166667,1121.201583,0.347193333,2.9886,3.86111,3531.023784,68.0915861,74.3958369,6.399798192,0,126.4024713,1078.145403,0.343504307,3.048314591,3.714015848,0
Athlete AM,115,4664.150822,66.27726,300.655005,7.46937,0,251.8825,1414.014955,0.3286525,3.17191,4.0130675,4645.207341,69.57649513,261.1537117,7.479011661,4.99E-06,229.0764126,1381.635654,0.337280976,3.077120942,3.736385306,0
Athlete AR,115,3237.516685,70.550245,61.445,6.55432,0,101.175,1064.712065,0.363715,3.14846,3.958335,4241.573418,71.37824602,76.90974923,6.626344304,0.0002065,140.3074749,1338.321699,0.363083298,3.096916074,3.937706908,0
Athlete AW,115,6552.31787,74.92645,607.69999,8.85843,0,423.11,2146.13353,0.40677,3.27538,3.90476,4393.24216,78.35223755,332.2334139,8.210800721,6.61E-06,261.5294921,1449.131531,0.414581793,3.224455339,5.083923431,0
Athlete AZ,115,3626.07614,73.0739925,388.2125075,8.2384975,5.355,244.3149975,1215.864693,0.3795575,3.3437225,7.0182525,3996.495822,74.29652164,364.997295,8.41253983,4.26548695,264.6762122,1338.739677,0.39796183,3.359616985,5.718820396,0
Athlete BA,115,4383.432387,64.36372667,63.63333333,6.472296667,0,110.39,1251.799743,0.305003333,2.849883333,3.11111,4100.915252,66.0381665,64.54306205,6.532369644,2.82E-05,116.8568936,1169.89676,0.310783537,2.848892366,2.425483979,0
Athlete BD,115,4106.216668,74.7620475,271.2000025,7.79522,0,174.3550025,1342.14614,0.408795,3.3400175,4.545165,4155.585213,75.90033759,237.8570145,7.685295192,5.76E-07,170.5949952,1345.225673,0.406415941,3.280567625,4.583924098,0
Athlete BE,115,2279.435303,64.2323375,369.197495,7.016755,0,194.2,692.607085,0.32398,3.0848675,5.7,2683.284792,64.99857999,258.7108797,6.869247447,0,170.8037185,850.2454368,0.342862519,3.185467721,5.126908473,0
Athlete BI,115,3206.762327,67.08665,77.55333333,6.579046667,0,103.5366667,1064.029293,0.377726667,3.36062,3.746033333,3402.294802,69.9630568,93.74853862,6.791937924,0,115.6011527,1119.830105,0.382433639,3.304080899,3.118942668,0
Athlete BJ,115,4593.893463,75.278855,229.5249975,7.53605,0,234.22,1552.059428,0.424265,3.424925,5.1005025,4215.748519,76.02175736,230.24535,7.733426448,3.44E-06,209.7248261,1418.202323,0.424209417,3.398149055,4.829506104,0
Athlete BN,115,4728.325128,65.392305,381.6399975,8.1956975,0,246.7749975,1455.656165,0.3387375,3.1890825,4.390475,4367.209974,67.75828017,336.2289779,8.248071037,0.502605025,230.3755887,1354.074097,0.350836077,3.180795829,4.365679062,0
Athlete BS,115,2277.43347,65.598845,340.925005,8.22003,0,131.83,565.517755,0.268635,2.48941,5.714285,3580.011314,72.2221724,378.4446416,8.465235993,1.227461638,168.4901383,938.5196917,0.308324154,2.565952309,4.630087285,0
Athlete BT,115,4905.035735,76.482915,257.225,8.00437,5.885,172.28,1446.699075,0.367465,2.901895,4.395835,4570.999405,75.85487894,341.5380176,8.031939523,4.707160014,241.1566029,1425.558357,0.392600108,3.147061883,4.507038952,0
Athlete BW,115,4961.133627,68.03760667,157.32,7.254113333,0,137.2966667,1513.858327,0.343763333,3.042856667,4.694443333,4404.378679,71.48675745,112.8592407,6.836214681,0,112.5211052,1331.131682,0.355531169,3.001317462,4.298097697,0
Athlete BY,115,3661.082198,69.45105,243.7025025,7.3763675,0,229.375,1237.220085,0.3885225,3.4321125,3.53409,4158.340231,70.68294415,243.0587572,7.348712288,6.40E-06,237.3758016,1358.060028,0.381839699,3.304274324,3.680471816,0
Athlete CK,115,6279.100627,81.83622333,519.0500067,8.294383333,0,280.58,1866.296287,0.409823333,2.999593333,4.457976667,5006.990078,81.05698733,369.2849281,7.823064178,0,226.1892131,1492.751177,0.402617618,2.976727468,4.307638802,0
Athlete CM,115,2748.85059,69.74978,198.64999,8.39108,0,157.75,991.36835,0.41925,3.60648,5.14286,3508.601476,75.977434,209.311998,8.059132,3.098,162.738,1162.259744,0.420254,3.328952,4.31746,0
Athlete CN,115,4958.87427,62.30668,80.3,6.20185,0,142.05,1454.69645,0.30463,2.93352,3.4,3665.986145,64.12866494,47.16395062,6.121531481,0,111.6821975,1096.590759,0.318391531,2.986332494,3.179753086,0
Athlete CV,115,5343.562865,63.921825,144.44,6.947085,0,212.305005,1664.84083,0.332495,3.11526,4.10326,5207.014909,69.14946705,170.9422488,7.154880779,0,226.3441584,1615.353537,0.352251251,3.077170645,3.933400573,0
Athlete D,115,4221.151367,60.98204333,136.5666667,6.869556667,0,133.1766667,1253.434607,0.298083333,2.959243333,2.266666667,3250.087647,66.42282741,187.3688926,6.696336939,0,162.8416726,995.8840265,0.345460481,3.176381466,3.506372622,0
Athlete E,115,5043.272723,67.40782,160.6533333,7.057466667,0,166.70667,1582.431487,0.347183333,3.11648,3.958333333,4328.823295,70.56046453,142.3916502,6.973068327,0,137.1844772,1343.370494,0.358921472,3.086470172,3.520975204,0
Athlete I,115,4177.661063,64.75385667,119.98,7.368036667,0,200.3466667,1358.169373,0.355336667,3.397973333,3.277776667,4473.786214,68.6634964,191.3072038,7.345839892,2.85E-06,225.3049267,1477.416504,0.376451367,3.37609049,3.618022508,0
Athlete J,115,5166.750363,68.24842333,150.5566667,7.390973333,0,134.5,1583.74173,0.3501,3.071413333,3.566666667,4871.553188,69.50370436,131.3811986,7.411232588,0,127.105658,1539.182678,0.363824985,3.151499239,3.833188511,0
Athlete Q,115,3705.74023,54.07721,11.29,5.72684,0,86.67,1256.02902,0.30548,3.38941,3,3886.009914,59.40054852,20.8936086,5.957431058,0,84.38646639,1219.830434,0.309733973,3.146906038,3.395769374,0
Athlete Y,115,6500.33322,72.18651,455.215005,7.754705,0,235.865,1933.54446,0.35733,2.973735,3.935715,5317.036621,72.56350259,316.212387,7.566276223,9.03E-06,175.7808274,1593.896681,0.361840328,3.023093399,3.813887201,0
Athlete AC,116,4240.271455,77.75977,41.87,6.760335,0,141,1356.025945,0.407005,3.14818,2.666665,4541.420645,75.60088956,94.47051702,6.926862325,5.36E-08,162.1473903,1466.753449,0.401298435,3.206757627,2.971491825,0
Athlete AL,116,3339.28943,73.32954667,54.72333333,6.624696667,0,143.24,1090.33206,0.396746667,3.238533333,2.233333333,3466.063139,72.20155218,58.53148254,6.350157859,0,137.6851767,1092.950127,0.377104486,3.131328521,2.802095066,0
Athlete AM,116,5727.276215,67.281015,212.83,7.816665,0,194.99,1581.938315,0.31207,2.786415,3.833335,5279.674742,67.52716093,267.2120425,7.562261352,1.36E-06,222.0542325,1517.914682,0.323155053,2.923323805,3.906403716,0
Athlete AO,116,1877.789673,64.10584667,396.40333,8.221556667,6.453333333,158.1633333,648.43069,0.347886667,3.453916667,6.633333333,2975.687305,68.73713301,370.2912121,8.309576245,3.646191194,200.0834886,947.255472,0.358304269,3.244747441,5.298489173,0
Athlete AR,116,5296.287117,72.34673667,73.37333333,7.201463333,0,190.88,1693.32678,0.38867,3.22353,3.877776667,4373.793606,73.7545811,71.66973304,7.018572455,7.75E-05,157.5409782,1396.113037,0.385607485,3.157722403,3.884027802,0
Athlete AW,116,5698.71053,77.41478333,312.7800067,7.755426667,0,320.06667,1944.65564,0.438846667,3.40236,4.39015,4883.728777,78.17351823,291.2959248,7.859805277,3.10E-06,280.0330962,1639.3775,0.428440101,3.312325715,4.653989387,0
Athlete AZ,116,3467.941427,54.02273667,296.52333,8.084006667,2.393333333,197.3933333,1032.85621,0.259213333,2.911913333,4.05,3409.713515,59.85732457,324.5797087,8.076501226,3.593358429,210.5168536,1082.434079,0.297883891,3.077713249,5.204138526,0
Athlete BA,116,3967.443785,71.980475,33.295,6.15173,0,132.1,1214.43877,0.36476,3.039755,1.75,4007.157707,67.53962781,46.03560657,6.283587068,9.90E-06,114.2927697,1178.563198,0.329910305,2.935388579,2.097147887,0
Athlete BD,116,5260.511333,83.08764667,295.78333,7.890956667,0,231.48,1627.379323,0.42781,3.09089,4.79091,4704.778745,80.1803195,290.8835823,7.838648008,1.33E-07,201.3970967,1476.317034,0.420405211,3.166784004,4.625144903,0
Athlete BE,116,4902.8942,71.34942,58.29,7.08351,0,230.78,1696.26591,0.41142,3.45972,5.33333,3314.086532,67.68707538,225.983621,6.976457367,0,194.4828614,1062.578803,0.34841334,3.122206431,5.316864576,0
Athlete BI,116,3371.619313,82.21781333,115.4766667,6.775813333,0,151.7333333,1118.223763,0.438343333,3.213933333,2.544443333,3388.843731,75.44464819,100.4011719,6.612746298,0,135.8233045,1113.037022,0.408046881,3.255028661,3.175571284,0
Athlete BJ,116,3123.15229,68.19739,123.2349975,6.964715,0,121.7175,1135.661658,0.40404,3.631565,5.67033,3835.362783,71.34900787,166.1335245,7.158676706,6.79E-07,163.8257372,1344.644809,0.413178897,3.537164381,5.309293119,0
Athlete BN,116,5304.901977,75.95467333,370.70334,8.08092,0,231.32,1562.15278,0.3794,2.998883333,4.175926667,4977.322902,72.74405994,380.1328024,8.182031731,0.116081236,235.7513952,1504.205686,0.368919485,3.062014925,4.201815164,0
Athlete BS,116,4092.47305,68.12478,233.12,7.185485,0,159.825,1159.53867,0.32253,2.8338,3.666665,3648.747652,71.26817884,316.6809529,7.775477664,0.545538506,170.1572837,998.0003218,0.319358513,2.699377693,4.698027127,0
Athlete BT,116,4804.5925,79.314095,205.76,7.491385,0,219.8,1505.0209,0.414115,3.132605,3.841665,4509.095923,78.37475897,242.13023,7.645084788,2.092071117,207.5729346,1394.935178,0.401596159,3.096024726,4.202202312,0
Athlete BU,116,2982.222655,73.652305,212.2,6.78034,0,342.895005,1064.553815,0.437665,3.620525,5.54583,4075.143422,76.27207574,202.7297147,7.08667775,0,308.5181,1388.59874,0.434839152,3.440286177,4.757291758,0
Athlete BW,116,3835.72009,74.66143,25.92,6.054746667,0,117.45,1188.831527,0.385293333,3.093873333,3.6,4300.061928,72.35590603,72.98915774,6.500252498,0,124.0989695,1319.951351,0.369304791,3.064999742,3.771452651,0
Athlete CK,116,5511.070357,87.02473667,288.4599933,7.566873333,0,269.61333,1660.63896,0.44059,3.039493333,4.502643333,5448.736765,84.39357094,347.3654098,7.703369633,0,258.5439625,1640.805655,0.425477196,3.02284962,4.374167176,0
Athlete CO,116,5337.83936,66.06155,108.44,6.38213,0,179.32,1682.48653,0.34001,3.152,3,4427.060455,61.96135089,77.78711111,6.376502296,0,146.7642963,1391.366733,0.322291185,3.153786222,3.434568593,0
Athlete CP,116,6489.67432,65.63093,151.85999,6.2444,0,257.98,2130.95891,0.35322,3.28361,3.46154,3375.84142,55.59444,62.853998,6.393868,0,118.332,1098.39703,0.307118,3.29209,4.298974,0
Athlete CV,116,2998.67578,72.66581,75.25,6.7685,0,124.66,924.67238,0.37345,3.0836,4.5,4491.370483,70.07075376,135.1098661,6.991789749,0,195.9022192,1400.126934,0.360534667,3.098797678,4.258682972,0
Athlete D,116,5383.269,63.71479,102.3,6.68776,0,163.84,1583.048665,0.31458,2.96134,1.958335,4323.474803,63.15760663,131.0376231,6.667354832,0,152.8349144,1306.397777,0.321989759,3.077865836,2.614078669,0
Athlete E,116,4864.38796,70.60310667,111.34,6.644706667,0,161.8566667,1539.454387,0.374833333,3.182373333,2.30303,4598.807981,69.41659912,120.3135754,6.731487652,0,153.7340439,1462.347817,0.366374757,3.177871656,2.980681665,0
Athlete I,116,5691.30142,80.70323,284.555005,7.4448,0,266.065,1725.004005,0.41288,3.06843,3.875,4943.721376,74.53876213,209.8406287,7.474037097,9.99E-07,227.8104129,1545.27135,0.390791474,3.179362979,3.581616085,0
Athlete J,116,5992.306215,71.47673,77.915,6.287615,0,174.525,1902.003075,0.381445,3.19459,4.264285,5478.118832,69.71075024,105.2288124,6.747171464,0,153.5828917,1732.137143,0.368318445,3.167593183,4.077183542,0
Athlete AC,119,5775.271688,82.718265,252.6675,8.0207775,0,246.9800025,1787.230213,0.4291675,3.1168175,3.838235,5076.503089,80.03148566,162.7496413,7.532975839,1.72E-08,207.8179913,1608.103912,0.422013047,3.174885504,3.622112561,0
Athlete AM,119,5583.598257,73.64359333,395.5033367,8.146823333,0,231.18,1648.072743,0.366813333,2.992473333,3.666666667,5420.346942,71.04864075,328.6502257,7.927476088,5.12E-07,226.2751687,1579.159497,0.347965106,2.95614207,3.717958679,0
Athlete AO,119,4696.651753,79.86566333,331.21,8.343043333,0,256.7133333,1444.628573,0.410873333,3.078223333,4.531023333,3650.214856,74.18282028,300.070853,8.309733085,2.036402329,215.0953546,1158.33505,0.392022006,3.235536649,5.342184817,0
Athlete AW,119,3589.520908,89.92638,184.7075025,7.44782,0,200.095,1196.49455,0.451875,3.136025,9.6666675,4637.871972,81.64812814,247.6186112,7.747658533,7.86E-07,258.7173484,1570.805867,0.440713931,3.29999216,6.121794801,0
Athlete AZ,119,5594.24073,81.6644675,558.5849975,8.658435,0,328.9050025,1712.621443,0.4148075,3.051545,4.2167775,4882.457555,75.31468159,470.4701647,8.544154229,1.442550219,290.6910229,1498.86481,0.378881507,3.038249888,4.495262107,0
Athlete BA,119,4928.330763,75.35525,100.9424975,6.6589725,0,152.5525,1374.115028,0.3509175,2.7945725,2.8229175,4524.920597,73.30697757,78.47812541,6.472971806,3.18E-06,145.5611051,1299.774618,0.350949141,2.876437846,2.487588056,0
Athlete BD,119,4770.032983,80.926345,234.6975,7.6060475,0,162.3975,1353.461645,0.382605,2.835515,4.6733275,4852.116474,80.99154791,238.8012657,7.644095589,3.37E-08,183.0499871,1435.811044,0.399038068,2.962310917,4.715435451,0
Athlete BE,119,4385.021493,74.46005,121.8,7.123973333,0,231.98,1379.379263,0.390846667,3.145806667,3.719046667,3875.186432,71.9301661,169.5049086,7.00238074,0,216.2927004,1232.35249,0.375470949,3.144164499,4.469463134,0
Athlete BI,119,4328.317438,76.67465,128.3525,7.151235,0,199.085,1387.4002,0.4091975,3.19884,4.475,3811.651481,78.60944503,115.3108931,6.96378569,0,174.1648595,1231.93949,0.418281693,3.198712169,3.592039107,0
Athlete BJ,119,4604.149895,83.0008875,314.155,7.529365,0,217.2025025,1425.89892,0.430315,3.115035,4.8175475,4183.312221,78.43394585,253.0352012,7.34808867,1.34E-07,195.1511042,1347.21379,0.42185935,3.274592223,5.2517654,0
Athlete BN,119,4506.156005,78.399615,334.660005,8.042895,0,212.125,1381.469165,0.399405,3.05643,3.166665,5103.156132,75.71538194,377.0474793,8.101150636,0.040730258,232.3867761,1514.973532,0.378530083,3.006494243,3.822436637,0
Athlete BO,119,5316.875275,81.5500125,205.32,7.36971,0,200.7475,1434.217563,0.3667725,2.7005475,4.2896825,4841.174908,78.88549136,171.2863864,7.432796961,0,187.7322739,1349.469858,0.366606731,2.796315524,4.057915827,0
Athlete BS,119,4202.961563,76.234365,370.4325,8.3558475,2.4775,198.185,1176.668458,0.355745,2.807065,4.3916675,4114.635975,74.17817173,330.0336701,8.007409343,1.551500014,187.4377083,1141.44445,0.341207733,2.763793272,4.297206701,0
Athlete BT,119,3636.65127,63.30467,190.73333,7.716266667,0,170.41,1087.450137,0.316663333,2.97068,3.3,4122.0052,71.18575436,208.8128753,7.643944414,0.78517237,199.3205335,1262.729885,0.362934139,3.045885477,3.702225411,0
Athlete BU,119,5259.167458,77.1406375,235.6375,7.4754125,0,232.0875,1670.806233,0.405245,3.1417475,3.73,4482.719917,77.19965928,214.9809898,7.22843437,0,254.5586185,1458.272449,0.42057516,3.282650903,4.169953465,0
Athlete BW,119,3827.316405,73.5949825,60.6325,6.4832475,0,118.1825,1166.25407,0.3720225,3.031835,3.575,4082.471285,73.68518038,58.72641911,6.407191535,0,122.708899,1248.483092,0.374284367,3.048344044,3.710488326,0
Athlete BY,119,3820.5727,79.959885,177.2974975,7.2610925,0,206.6975,1153.4456,0.4040525,3.02995,3.8,3949.091323,77.11006292,206.505155,7.318303384,1.26E-06,218.9015472,1220.877172,0.397371638,3.109180916,3.565670976,0
Athlete CK,119,4920.804903,84.22271333,305.13,8.04469,0,226.8933333,1474.888317,0.418126667,2.993996667,4.08889,5383.159753,85.34271485,320.0654291,7.933387916,0,253.3762353,1602.260277,0.42368312,2.989851863,4.334184225,0
Athlete CM,119,6052.868203,80.63376667,533.4900033,8.610016667,0,259.4,1746.178173,0.390816667,2.907833333,4.134616667,4696.659658,78.91291151,365.8141471,8.321004272,1.453382716,217.1452346,1438.546616,0.409718543,3.125297728,4.187631235,0
Athlete CN,119,1037.11902,60.36313,0,5.15521,0,51.68,332.77994,0.32281,3.2087,3.33333,2789.697103,62.87348663,31.44263374,5.799424321,0,91.68146502,841.9871525,0.319864354,3.060454996,3.230945391,0
Athlete CO,119,1098.24109,58.28016,14.65,5.89977,0,51.84,363.40826,0.32142,3.309,0,3317.454,60.73428726,56.74140741,6.217591531,0,115.1228642,1048.713908,0.32200079,3.205524148,2.289712395,0
Athlete CV,119,4463.21268,77.55206,145.885,7.58383,0,216.57,1356.01268,0.39248,3.036255,4.72619,4419.676328,73.26187987,134.6149256,7.197407638,0,200.2012329,1361.745124,0.373821482,3.069192599,4.404294985,0
Athlete D,119,4759.962457,62.06173667,218.71,7.58281,0,191.2633333,1389.12787,0.30181,2.928223333,3.520833333,4518.950133,61.66192982,167.5418981,7.080031023,0,170.2568321,1333.721442,0.305373218,2.9842914,3.151817081,0
Athlete E,119,4678.76877,70.21743,190.225,7.130325,0,143.805,1400.738385,0.349975,2.99038,3.95,4912.641378,69.33313612,158.6886522,6.960163708,0,149.9224423,1513.388411,0.355225383,3.078256429,3.378468713,0
Athlete H,119,1706.789735,74.25112,229.2624975,6.31338,0,182.4224975,604.3643175,0.4187625,3.4554125,3.9625,2196.023184,69.93816269,273.7257863,6.732232737,0.001232858,176.1656872,731.7396933,0.384639563,3.338517746,3.536962298,0
Athlete I,119,5362.10963,76.81567,283.4949975,7.509315,0,251.675,1734.037835,0.4176225,3.2723425,2.6833325,5205.004313,76.54961537,240.9730413,7.449169006,3.21E-07,242.8643301,1658.399177,0.410014269,3.22960537,2.922802107,0
Athlete J,119,4324.282613,72.72280667,147.7866667,7.264936667,0,160.3366667,1303.14532,0.365226667,3.006073333,4.018516667,5089.800843,71.87346365,134.7205419,6.985922302,0,166.4773569,1568.935458,0.368783812,3.074848158,4.073328761,0
Athlete Q,119,6704.0459,66.66513,106.84,6.21388,0,177.82,2057.76528,0.33957,3.06944,3.2,4825.355242,61.82207568,49.54240573,6.042914039,0,115.5309776,1499.142049,0.319679316,3.121084026,3.330512916,0
Athlete Y,119,4060.436478,72.6140375,161.805,7.005765,0,142.5125,1252.328295,0.371625,3.0619175,4.5833325,4696.669853,72.55660821,221.6563843,7.216172491,2.90E-06,164.494494,1451.110627,0.373242698,3.089820875,4.263716416,0
Athlete AC,120,3618.923758,60.68257,172.380005,6.6706025,0,145.0824975,1174.641955,0.3284875,3.3488475,1.875,4449.678018,66.04711828,184.7710419,6.997423345,3.40E-09,179.7446335,1424.688374,0.355894213,3.321772785,2.402449271,0
Athlete AL,120,3683.63726,66.8448575,96.675,6.9393475,0,159.345,1187.939798,0.356975,3.2136475,3.8178575,3595.528142,68.49857837,82.59414762,6.81125493,0,154.9286738,1162.431432,0.366826176,3.222943867,3.50989944,0
Athlete AM,120,5189.802185,67.74873,339.970005,7.853935,0,196.7,1451.130225,0.312715,2.787705,3.75,5482.037546,70.4293509,350.4140575,7.954128306,1.80E-07,214.9359072,1557.999383,0.334148546,2.859134966,3.776769419,0
Athlete AO,120,3568.335633,79.4966225,276.1325,7.6832,0,215.5425,1159.43516,0.40447,3.1419275,4.90476,3986.108319,75.28200277,295.9461112,7.999060444,0.516047374,230.7089901,1278.916778,0.395046129,3.216508483,4.782835941,0
Athlete AR,120,4821.27461,68.6359525,77.64,6.6127425,0,217.685,1605.551725,0.38287,3.37149,3.8708325,4746.252437,69.46730751,66.41856783,6.658556108,1.96E-05,197.8089711,1556.443443,0.380467387,3.312541769,3.849338818,0
Athlete AW,120,3933.924318,65.95832,194.9475025,7.8463075,3.5575,225.225,1452.123298,0.4080875,3.742205,4.4024875,3803.521574,76.89565476,202.4047585,7.559977828,1.976389044,218.4539207,1347.471195,0.424421054,3.458185859,7.22058993,0
Athlete AZ,120,4769.611145,68.51286,448.245,8.063895,0,276.0225025,1536.106448,0.370035,3.3123875,4.4159725,4892.825604,70.31587945,457.273612,8.182596576,0.284948191,290.664988,1553.023003,0.373162088,3.246915256,4.358246867,0
Athlete BA,120,3678.076478,56.868425,53.0025,6.276305,0,106.1025,1070.336558,0.2770475,3.0203175,3.1785725,4053.654565,61.46771625,64.15015378,6.362850172,6.28E-07,119.4310516,1166.684446,0.296798997,2.979139482,3.07893477,0
Athlete BD,120,4572.30383,84.53375,245.22,7.53915,0,134.91,1328.48511,0.40936,2.9055,5.6,4738.214554,81.51160696,267.1484154,7.722588552,1.11E-08,157.8956368,1374.554578,0.394043366,2.901420814,5.057792866,0
Athlete BE,120,3024.516578,60.7949225,68.1925,7.3450675,0,132.66,1016.44294,0.351165,3.488075,3.7568175,3649.902047,65.07806577,105.3846406,7.233085072,0,176.61585,1192.609351,0.356894133,3.315592959,3.891013375,0
Athlete BI,120,3265.661743,61.108385,94.85,6.673025,0,145.6275,1078.862515,0.3419725,3.3879375,3.872025,3675.456882,67.10813155,110.7532628,6.858465074,0,162.8281513,1198.268825,0.36549302,3.293982743,3.926609824,0
Athlete BN,120,3052.70483,67.292975,501.39501,7.55059,0,185.225,835.555215,0.3209,2.87542,4.642855,4106.976848,72.13365586,408.913883,7.858138061,0.018102337,219.942456,1220.235895,0.363957814,3.035729663,4.315261283,0
Athlete BO,120,4558.29537,65.5581475,114.54,6.8241775,0,180.2875,1325.14479,0.3187775,2.97869,3.4854175,4640.571401,69.56093993,134.9855208,6.920554554,0,174.7618381,1319.15596,0.331025867,2.912188498,3.680575071,0
Athlete BS,120,2841.529055,74.186625,703.75,6.572505,0,312.890005,873.663345,0.37718,3.075625,4.79231,3407.532053,73.91070923,526.0169012,7.562069692,1.271350431,237.9346751,988.218403,0.358651858,2.924250339,4.722029611,1
Athlete BT,120,3851.910857,61.36485667,219.5066667,7.644813333,2.853333333,212.09,1176.823047,0.31492,3.201163333,3.43773,3693.806424,60.90109351,194.1564063,7.518823036,1.183754776,188.3195408,1133.713556,0.313187893,3.158481253,3.505923949,0
Athlete BU,120,4335.24034,65.2943775,167.2875,7.06447,0,204.63,1465.863868,0.371175,3.47683,4.0416675,4484.201414,67.06167507,179.1124474,7.144816234,0,213.7862086,1496.34879,0.375360217,3.415965117,3.909991086,0
Athlete BY,120,4368.660987,69.99094333,193.9,7.56935,0,199.03,1455.410433,0.389363333,3.350223333,3.761903333,3783.126224,72.4443668,173.7094406,7.404562314,2.92E-07,190.3951095,1245.780993,0.394515875,3.286992893,3.902454541,0
Athlete CK,120,4806.227437,76.68381,318.8066667,7.63313,0,249.8766667,1512.631357,0.406243333,3.24066,4.580556667,4876.559215,78.06284502,309.8001264,7.688975062,0,246.2436994,1526.77259,0.410319319,3.199612651,4.512495449,0
Athlete CM,120,5778.9156,77.69637667,405.7733333,8.165966667,0,294.7833333,1809.778847,0.403616667,3.13811,4.16395,5573.515262,78.35930896,422.1883917,8.250493118,0.430631916,263.3577238,1712.58679,0.404153766,3.108637722,4.133647156,0
Athlete CP,120,6062.43945,68.38585,159.42,7.0161,0,270.17,1950.71147,0.36674,3.2177,4.35714,4271.374097,59.85824333,95.04266533,6.601278667,0,168.9446667,1382.501843,0.326992,3.267293333,4.318362667,0
Athlete CW,120,1671.57019,56.60168,98.02,7.0801,0,20.3,537.19565,0.30317,3.21372,3.75,3448.792042,64.563558,78.162,6.512988,0,83.14,1056.227,0.328254,3.06391,3.743334,0
Athlete D,120,4601.19578,69.52532,144.2566667,7.116636667,0,205.7066667,1335.474353,0.3353,2.902813333,3.535353333,4829.848482,66.64676859,170.0555007,7.276839192,0,199.4133823,1410.647363,0.324295768,2.930420168,3.403989258,0
Athlete E,120,4210.436843,60.6807225,123.0375,6.9651475,0,143.81,1329.752165,0.3210425,3.2576925,1.96875,4260.805459,62.85871428,124.3541044,6.822138629,0,141.2453518,1334.365762,0.330206944,3.216040922,2.248104155,0
Athlete H,120,2484.0708,73.34809,283.020005,6.932705,0,269.13,846.943285,0.415815,3.407195,4.0625,2168.199371,72.97584586,207.91808,6.834925236,0.000337192,214.8909563,749.0796611,0.41459377,3.428368743,4.242481141,0
Athlete I,120,4776.8794,67.1797775,264.2675,7.1034525,0,227.71,1514.36095,0.355105,3.2709625,4.2179475,4890.417127,68.3274148,259.8716798,7.156782612,6.33E-08,230.0090652,1556.146965,0.365292572,3.284199919,3.88661804,0
Athlete Q,120,174.158,58.93007,17.17,6.31507,0,14.91,62.73638,0.26182,3.60227,0,3274.956162,60.85807379,38.75160382,6.133632692,0,81.99065173,1020.340159,0.300392877,3.28147935,2.220341944,0
Athlete Y,120,4627.437143,67.0399775,224.5675025,7.3803175,0,166.6425,1468.43738,0.3559075,3.22155,3.496755,4288.741638,67.93929665,194.0330217,7.156180153,5.73E-07,150.1891284,1343.584765,0.354644453,3.159490914,3.855697625,0
Athlete AC,121,4921.293693,76.93975,161.1174975,7.3536725,0,218.3575,1468.10678,0.3766925,2.937325,3.2884625,4379.365543,73.63508515,174.5241888,7.17474205,6.71E-10,190.7003277,1331.080992,0.368327653,3.026586908,2.820712047,0
Athlete AL,121,3516.481887,69.07703,86.67666667,6.61931,0,152.5233333,1081.181337,0.348383333,3.022073333,3.88889,3583.241613,68.44186588,93.42901681,6.771672765,0,147.1483338,1122.103759,0.353410473,3.097066675,3.705207459,0
Athlete AM,121,4891.851745,66.87391,192.235,7.493365,0,194.215,1379.481045,0.316795,2.840965,4.116665,5130.625568,68.23504596,278.1256933,7.728190914,7.99E-08,205.4954032,1458.146698,0.324173243,2.858851652,3.873008075,0
Athlete AO,121,4368.89601,79.22148,450.7166667,8.298286667,3.57,293.6433333,1357.823393,0.409453333,3.102103333,6.042856667,3822.555827,81.51317835,394.5029138,7.936107411,1.30918587,254.9877193,1189.382616,0.408166943,3.039061418,5.873114989,0
Athlete AQ,121,2756.02051,75.86087,487.04,6.51921,0,268.109995,930.852435,0.424885,3.376345,5.092105,4640.450668,82.75190721,447.9486022,7.39172323,0.080195061,240.6301931,1294.009716,0.402050764,2.942174525,4.752208553,0
Athlete AR,121,2985.445743,84.07128333,38.21,6.407913333,0,106.56,970.31826,0.39948,2.996,3.166666667,4258.531733,74.10611007,63.96435109,6.601002527,4.54E-06,159.7582923,1400.416891,0.386429854,3.20811683,3.522841816,0
Athlete AW,121,2631.483024,74.124694,140.650002,7.17414,0,151.608,898.284826,0.386816,3.324456,9.95,3083.528878,69.40875943,152.9740703,7.410382918,1.098319185,173.4689933,1091.588417,0.389062696,3.504918624,6.823085978,0
Athlete AZ,121,4068.174126,68.342672,325.733996,8.02592,4.182,249.074,1310.667462,0.362722,3.232868,4.24,4232.094123,69.12359387,379.0452748,8.006295239,2.372056858,251.7825842,1350.457986,0.364433907,3.216497678,4.177941006,0
Athlete BA,121,3934.213288,67.6685075,65.8925,6.224475,0,130.375,1154.13948,0.3248825,2.88099,2.5,3900.434568,66.27539089,63.87506124,6.312758182,1.24E-07,120.8779855,1125.256428,0.314713475,2.87071712,2.608626066,0
Athlete BD,121,3928.215166,66.36667,161.976002,6.977188,0,142.558002,1171.09153,0.329102,3.021808,4.078094,3880.336372,70.29585966,177.4110882,7.086192896,3.84E-09,139.9376539,1140.384847,0.344976124,2.98638183,4.295995983,0
Athlete BI,121,3731.30869,69.59233,145.03,7.21707,0,131.37,1149.84645,0.35743,3.08162,3.57143,3296.660203,65.65730959,110.260917,6.849143563,0,134.023342,1055.81814,0.355188017,3.273413413,3.901066352,0
Athlete BO,121,5293.247377,73.27326333,157.6,7.644973333,0,222.6333333,1544.690377,0.353313333,2.90232,3.74074,5140.924377,72.88097308,165.727144,7.535826906,0,210.30251,1474.004203,0.346554388,2.875298734,3.695662265,0
Athlete BS,121,3146.333495,69.37189,305.749995,8.679135,15.83,152.93,853.85,0.30614,2.642225,6.5625,3180.17112,71.47271855,453.8452867,8.062637085,9.359489081,205.3454112,893.4548191,0.330754159,2.780716262,5.808402049,0
Athlete BT,121,3251.846863,65.734075,167.2625,7.694625,0,197.0675,1053.840935,0.3548225,3.28145,4.15625,3448.921119,64.92518061,187.220998,7.661652608,1.203810502,192.0313602,1079.829733,0.340341372,3.197734288,3.872187794,0
Athlete BU,121,4483.903123,71.802075,233.9300025,7.38355,0,247.977505,1467.842155,0.384085,3.2139375,4.158335,4404.9854,71.57481236,201.0737559,7.270880984,0,221.0111355,1442.572604,0.385681216,3.249295733,4.097242684,0
Athlete CK,121,4477.642803,82.23936333,375.2999967,7.73983,0,230.64,1280.323507,0.38561,2.84342,6.175326667,4734.471437,81.61609939,364.6820104,7.718096685,0,243.9492443,1388.443874,0.394837946,2.941360785,5.591876676,0
Athlete CM,121,5303.477393,72.6453,336.1099967,8.72892,2.99,235.46333,1524.23505,0.34867,2.880013333,4.21212,5420.617615,75.30710315,380.9500162,8.512739689,1.788705753,251.5256208,1610.667452,0.372727412,2.979023276,4.203656194,0
Athlete CN,121,941.99725,119.49225,0,5.41814,0,80.48,213.56386,0.45151,2.26714,0,2173.797152,81.74640775,20.96175583,5.672329547,0,87.94764335,632.5127216,0.363746236,2.796016664,2.153963594,0
Athlete CZ,121,3497.443733,60.6653075,80.525,6.6740125,0,130.555,1129.562973,0.3225375,3.2051825,3.375,4434.088862,63.88222435,94.09564694,6.726516574,0,161.2127778,1441.269714,0.343340556,3.24387463,3.481121667,0
Athlete D,121,4778.45821,64.86584333,150.1733333,7.486423333,0,192.1666667,1477.045407,0.33181,3.071146667,3.375,4628.589919,66.6007044,153.4134817,7.270768279,0,189.9577923,1381.016235,0.330077882,2.980327704,3.418288422,0
Athlete E,121,4243.192338,67.9095475,137.01,6.85619,0,148.6775,1303.219373,0.342335,3.02741,2.454545,4241.567166,67.15481032,135.8364892,6.929053371,0,143.3219522,1305.77964,0.340422174,3.063596231,2.435862734,0
Athlete H,121,3052.69644,61.855835,215.1025,7.646005,0,135.43,977.51902,0.329775,3.221415,4.2619075,2828.556617,67.72477392,251.551082,7.319638471,0.000108234,177.9054304,914.6524433,0.364667877,3.232999103,4.294582496,0
Athlete I,121,4649.416275,67.1986975,198.492505,7.206585,0,198.1325025,1439.539485,0.350275,3.1823375,2.575,4698.334836,68.08309048,232.6969076,7.303801318,1.25E-08,215.7070075,1478.04014,0.359086743,3.22833878,2.90731986,0
Athlete J,121,3870.713683,61.81583,106.76,7.044576667,0,105.56,1151.3402,0.288036667,2.8008,4,3910.704404,65.7921696,121.1206544,6.988453151,0,113.3878588,1161.380383,0.314123969,2.856906121,3.950396176,0
Athlete Y,121,4416.323933,64.61211,252.2600033,7.244213333,0,154.9266667,1291.32275,0.315676667,2.977696667,4.988096667,4361.164427,66.17780019,234.2915069,7.209173015,1.32E-07,151.7952821,1318.90624,0.333390056,3.061610857,4.303675355,0
Athlete AC,122,3677.589845,59.22883,75.48,7.06538,0,116.085,1272.739725,0.340045,3.44832,3.25,4595.729625,69.37126081,147.9737081,7.251375774,1.83E-10,176.0094486,1452.539896,0.364924956,3.192837616,3.503725945,0
Athlete AL,122,3434.109955,58.13389,67.995,7.150885,0,157.73,1306.71229,0.368535,3.80492,3,3293.597174,65.18859838,69.34541526,6.800073105,0,146.8611113,1120.992324,0.363600312,3.364737547,3.510599401,0
Athlete AM,122,3961.39159,65.69496,132.72,7.680905,0,217.385,1345.196355,0.374365,3.40492,1.5,4675.843123,68.04820043,209.5280859,7.668578739,3.55E-08,206.9340681,1421.787851,0.351996441,3.099884067,3.091706922,0
Athlete AO,122,4074.49678,66.0121,200.155,9.213645,15.31,302.94,1610.424,0.439525,3.98209,4.305555,3974.493115,74.36974188,295.9760809,8.676330057,7.12848627,263.1382056,1388.885392,0.426584395,3.490587164,5.016766399,0
Athlete AQ,122,4022.03648,81.39269,383.0733433,8.427293333,9.703333333,280.16667,1285.03775,0.41893,3.119813333,6.055553333,3904.991419,81.57575893,384.7377541,7.767891039,3.264542344,237.6420983,1172.557186,0.407692311,3.037539772,5.577371111,0
Athlete AR,122,3418.617,56.372625,32.41,6.16743,0,116.13,1247.493415,0.339975,3.63485,3.666665,3319.155314,73.35280725,40.48585418,6.233222641,1.59E-06,122.2972955,1120.719445,0.378314364,3.243046373,3.546025813,0
Athlete AW,122,4288.24672,68.930475,126.395,8.037785,0,255.665,1572.23329,0.422455,3.675105,3.93939,3273.96094,77.54018269,159.169798,7.617865994,0.231346853,195.755462,1153.834153,0.420921629,3.386966206,9.549605525,0
Athlete AZ,122,4113.70202,66.08719,174.61,8.601275,12.75,270.41,1508.97363,0.407015,3.69012,4.041665,4531.590035,69.03272425,303.2719035,8.411199395,6.841744467,276.4168792,1539.059615,0.393382879,3.443737568,4.464919841,0
Athlete BA,122,3051.29263,38.09354,64.18,7.40867,0,107.83,1011.26923,0.21042,3.31423,3,3901.983722,56.86108388,70.07519959,6.693147557,4.07E-08,124.3059542,1182.625778,0.283673346,3.046008644,3.020267016,0
Athlete BD,122,3991.16475,64.87596,158.275,8.3545,2.555,221.94,1408.72409,0.38029,3.521425,3.61111,4393.352917,69.34236934,189.7209445,7.765762395,0.851666667,178.8958372,1402.423222,0.369334476,3.221100688,4.081316616,0
Athlete BI,122,3392.568605,57.258315,44.905,7.119325,0,113.73,1225.84214,0.3476,3.617955,3.375,3322.961812,63.37664033,77.31995391,6.903879202,0,124.2885233,1129.519035,0.361708898,3.438453563,3.625592418,0
Athlete BN,122,3522.70671,57.600115,47.72,7.420365,0,147.03,1225.42022,0.336945,3.496625,4.833335,3740.461045,66.04161983,286.3195058,7.686755249,0.008045483,171.4422027,1161.31393,0.345382918,3.163140406,4.417894459,0
Athlete BO,122,909.07806,20.08583,0,4.48713,0,11.38,195.5077,0.07061,2.15062,0,3912.76434,54.21530638,96.42441152,6.454324487,0,147.1628112,1116.643845,0.252296409,2.655658414,2.507334989,0
Athlete BT,122,4347.12079,69.295075,157.105,8.54987,12.125,292.87,1541.986585,0.415175,3.590775,4.6,3897.98321,68.86567286,177.4734781,8.178780799,4.370913983,242.6558421,1311.298057,0.388823409,3.40527395,4.356068456,0
Athlete BU,122,3578.561035,59.456865,88.855,7.470175,0,175.245,1383.64277,0.38062,3.857105,3.225,4372.642296,66.7674912,186.5824391,7.376159457,0,223.8142027,1528.805856,0.388970076,3.524773577,3.840627743,0
Athlete CK,122,4715.177395,76.234225,190.445,8.49077,0,265.59,1710.187215,0.467095,3.662695,3.977275,4588.154736,79.48783841,277.7248867,8.143532346,0,230.8503781,1482.888143,0.429008724,3.255654223,4.706215062,0
Athlete CZ,122,3731.81183,46.58941,53.88,6.80173,0,161.06,1512.76218,0.31477,4.05369,4,4267.913428,58.39676486,93.16780207,6.929104568,0,166.2082963,1488.345287,0.336449259,3.520035827,3.737393778,0
Athlete D,122,3104.52454,51.84983,60.78,7.176755,0,65.055,1049.800195,0.290985,3.377245,4,4113.779417,60.51928394,113.4654322,7.303672291,0,140.3188453,1300.209612,0.319063614,3.185320978,3.644574885,0
Athlete DA,122,2953.928255,50.80707,40.335,6.40034,0,96.745,1022.041305,0.291085,3.445345,4,2861.51646,75.18068,48.82166667,6.328175,0,95.535,889.2102017,0.341816667,2.921581667,3.111111667,0
Athlete E,122,3308.667265,55.101375,70.18,6.8257,0,82.05,1142.10078,0.312185,3.434175,1.75,4120.870363,62.64950705,121.1915192,6.893313315,0,130.3001921,1322.345159,0.332585595,3.217078243,2.617461773,0
Athlete H,122,3674.93837,61.644515,85.64,7.14955,0,185.34,1443.848985,0.403725,3.92907,3.9375,3093.081416,63.02810992,141.3651677,7.187995137,2.96E-05,162.0255023,1118.896699,0.377091257,3.601574883,3.939519401,0
Athlete I,122,3989.673675,65.622135,98.95,7.67589,0,197.03,1342.66105,0.373405,3.38972,3.5,4793.648898,70.18116077,192.5495848,7.423511557,3.42E-09,214.4491832,1530.552078,0.378700007,3.251762914,3.463540474,0
Athlete J,122,3473.430785,58.09687,78.46,7.39048,0,142.32,1263.71186,0.351245,3.63522,3.25,4036.302406,63.01086518,93.90180856,7.29107555,0,133.764161,1320.55354,0.340683936,3.253615072,3.735519126,0
Athlete Y,122,2975.603215,46.075375,25.405,5.98242,0,113.82,1057.78429,0.27409,3.57397,1.833335,4011.693585,57.91173226,167.3899162,6.776338426,4.64E-08,146.7036077,1263.474668,0.306748265,3.257316032,3.718013136,0
Athlete C,17,3279.0475,9.655,203.38,8.005,44.28,72.945,877.0575,0.3,3.5,5.7925,4140.770833,11.31481481,299.9938889,8.313518519,85.27722222,123.3885185,1277.245463,0.3325,3.411574074,5.500925926,1
Athlete I,17,5854.44,12.79,334.4,8.313333333,65.56666667,195.9633333,2076.526667,0.396666667,3.546666667,6.306666667,5384.622296,13.3022963,291.3367407,7.844814815,50.52903704,177.984963,1872.239926,0.40562963,3.474148148,6.00162963,1
Athlete K,17,4881.555,9.0925,234.8775,8.365,48.4625,99.2375,1475.93,0.295,3.005,4.7775,4831.804167,10.09425926,231.8338889,8.155925926,45.72648148,115.6312037,1448.643241,0.315555556,2.990740741,4.756388889,1
Athlete M,18,2651.046667,9.315,181.9683333,7.898333333,56.95333333,80.13,876.0966667,0.315,3.25,4.328333333,3447.239526,9.457836627,242.2602097,7.880618385,63.68665701,107.0621259,1148.474896,0.314342072,3.278790665,4.905114142,1
